,model_type,R0,gamma_val,omega_val,omega_m_val,kappa_val,rho_val,epsilon_val,mu_val,mj_val,m_val,delta_t,c,s,phi,c_v,s_v,phi_v,zeta,disp,d,loglik,loglik.se
1,2,27.43327475,8.33733729,12.73697917,0.801,5000,0,0,1.37,0.501,0.191,365,38.1447152,76.83290725,7.955617708,1,60.87918974,3.170673821,0.859959754,91.05989703,1.234436736,-54.69132859,0.003293566
2,2,70.30773841,11.65282245,6.556868828,0.801,5000,0,0,1.37,0.501,0.191,365,22.22617629,146.7615653,4.903599661,1,136.5484089,3.262017524,0.814805135,171.1459794,3.507118851,-64.81067048,0.016228433
3,2,51.73000547,12.88067942,15.51396934,0.801,5000,0,0,1.37,0.501,0.191,365,32.74618119,70.25272074,8.142494553,1,262.9244271,3.282399948,0.503667119,81.20734266,4.65554763,-66.34513969,0.00805599
4,2,84.03691217,16.18078014,4.271221833,0.801,5000,0,0,1.37,0.501,0.191,365,9.140809854,34.16430432,8.282610747,1,161.529436,3.311499641,0.465460618,106.2760663,11.58331876,-66.6371772,0.023953355
5,2,126.7396963,15.79421502,5.118962128,0.801,5000,0,0,1.37,0.501,0.191,365,17.02475708,141.1015171,5.091863937,1,178.5969175,3.324265252,0.306722247,88.47741045,16.31503535,-66.91992877,0.012651977
6,2,33.86311621,14.30434364,12.84126327,0.801,5000,0,0,1.37,0.501,0.191,365,55.58347339,111.6569359,8.154701931,1,185.3408254,3.305171186,0.93101524,100.2185312,2.755636694,-67.06954569,0.009424884
7,2,113.4456437,16.21446314,6.036520185,0.801,5000,0,0,1.37,0.501,0.191,365,19.7786309,140.8285387,8.247451917,1,212.8956531,3.319118813,0.553558673,106.6843924,8.74334981,-68.02947623,0.010708207
8,2,35.36644759,15.38606376,12.8344503,0.801,5000,0,0,1.37,0.501,0.191,365,51.31158388,86.70271221,8.192738912,1,195.9029285,3.316203823,0.885655415,119.9512002,3.207576574,-68.63332747,0.011231534
9,2,112.3391882,17.07243964,3.467340317,0.801,5000,0,0,1.37,0.501,0.191,365,10.53357397,64.92779037,5.049113771,1,113.6304618,3.331272085,0.285895528,185.6393246,20.56748384,-69.07243497,0.033762317
10,2,38.11268191,15.43650136,13.23089917,0.801,5000,0,0,1.37,0.501,0.191,365,30.53510087,41.06836172,8.204381726,1,216.2097294,3.318659308,0.905121752,115.237851,3.227557772,-69.69169778,0.005857619
11,2,47.59755836,14.95545935,13.06282711,0.801,5000,0,0,1.37,0.501,0.191,365,43.0609012,94.80421159,8.173538114,1,243.6903532,3.312795392,0.902075291,129.097877,3.173121909,-69.75008556,0.00416735
12,2,101.2789857,16.25184447,6.40672314,0.801,5000,0,0,1.37,0.501,0.191,365,22.75538686,166.9841723,8.16367465,1,214.3727648,3.318329088,0.514702746,144.6955376,9.367757563,-70.30060007,0.019874181
13,2,84.98574701,14.08959402,7.039640366,0.801,5000,0,0,1.37,0.501,0.191,365,19.95300863,112.3280858,8.139820126,1,193.5944772,3.302376158,0.821650339,232.9323624,4.382999717,-70.69790538,0.019203248
14,2,53.0100201,16.25531181,14.34405714,0.801,5000,0,0,1.37,0.501,0.191,365,30.52163726,79.1733152,5.064545791,1,446.404075,3.312193245,0.666094001,122.3364291,5.43085481,-70.79637906,0.009408446
15,2,118.3073986,15.52892178,6.214276916,0.801,5000,0,0,1.37,0.501,0.191,365,16.3965705,129.7708062,8.192835706,1,249.633278,3.304295252,0.613193152,179.7222081,8.162988839,-70.90661992,0.006917183
16,2,105.0648384,17.42023404,3.085790064,0.801,5000,0,0,1.37,0.501,0.191,365,16.46809929,158.3920421,5.030683702,1,109.5990075,3.327456066,0.929515715,656.1273829,6.688128208,-71.26769845,0.057881328
17,2,35.64574623,16.0138655,13.22371228,0.801,5000,0,0,1.37,0.501,0.191,365,64.26668692,139.5992721,8.189958055,1,201.87159,3.319294811,0.912264478,164.8938534,3.292631162,-71.32270148,0.013208642
18,2,108.8632424,15.62508186,6.751806314,0.801,5000,0,0,1.37,0.501,0.191,365,16.49680424,131.6063617,8.16745727,1,282.3040206,3.309623915,0.580407212,172.30113,8.424740988,-71.57954498,0.02271646
19,2,48.64657035,16.21914486,12.57768329,0.801,5000,0,0,1.37,0.501,0.191,365,31.69265164,54.89205706,8.203018076,1,274.2166852,3.321391888,0.931844655,157.9905766,3.597511317,-71.6413032,0.00648942
20,2,42.42602128,15.43727557,12.66388571,0.801,5000,0,0,1.37,0.501,0.191,365,51.15083903,125.8220483,8.160396469,1,233.2408458,3.317997821,0.903726287,173.4715951,3.334603332,-71.69700496,0.008798559
21,2,34.62714088,16.5310549,13.10404475,0.801,5000,0,0,1.37,0.501,0.191,365,48.21045208,63.08586157,5.052897976,1,206.0782408,3.326593739,0.948268277,185.4665408,3.223704659,-71.77286251,0.014294865
22,2,71.82406363,15.51529324,4.906607276,0.801,5000,0,0,1.37,0.501,0.191,365,19.37949057,121.049556,8.146306056,1,128.4522545,3.314073877,0.915252729,406.6043053,4.757311493,-71.77719364,0.02871097
23,2,60.25037905,14.55741011,12.98012818,0.801,5000,0,0,1.37,0.501,0.191,365,29.3776042,81.74099773,8.206167836,1,316.1758639,3.301152087,0.916482201,160.0375782,3.385972529,-72.17680483,0.006682808
24,2,119.0519137,16.01885326,6.421217635,0.801,5000,0,0,1.37,0.501,0.191,365,18.1359221,129.9353497,8.218131115,1,220.4487697,3.323417866,0.690418851,210.6953429,6.869288925,-72.42786234,0.035907467
25,2,46.49496277,16.14730732,11.78870638,0.801,5000,0,0,1.37,0.501,0.191,365,34.4216399,74.0415614,8.190467013,1,236.4086197,3.318449727,0.93259242,191.9010473,3.60248162,-72.64735089,0.012438454
26,2,54.22631293,16.85196864,10.52554206,0.801,5000,0,0,1.37,0.501,0.191,365,28.960721,75.15490185,5.05846139,1,277.5200227,3.320430615,0.755763315,211.0660859,5.137913988,-72.86137658,0.014598876
27,2,145.7179746,16.50196399,4.060732458,0.801,5000,0,0,1.37,0.501,0.191,365,22.5372136,322.3562537,8.205475121,1,139.9651969,3.330568047,0.556844463,795.1047209,10.07151116,-73.34244237,0.049686191
28,2,211.8186412,16.60939739,5.672101635,0.801,5000,0,0,1.37,0.501,0.191,365,8.769600145,70.98219902,5.082174118,1,347.3271365,3.319333329,0.685042516,231.9412202,9.475923376,-73.59369156,0.028816561
29,2,80.21878684,15.71953904,14.32113494,0.801,5000,0,0,1.37,0.501,0.191,365,24.95594372,80.53217612,8.213978977,1,452.0901521,3.312205831,0.824332728,152.4185848,4.303813702,-73.76046484,0.009870838
30,2,91.79696004,16.7139216,8.98109923,0.801,5000,0,0,1.37,0.501,0.191,365,23.10309888,121.2421819,5.066319941,1,310.454004,3.314448077,0.474142649,265.0824096,9.413127314,-74.17611582,0.029624832
31,2,91.02456908,16.55174531,10.6576917,0.801,5000,0,0,1.37,0.501,0.191,365,18.51951373,78.17215097,8.237262312,1,411.3651398,3.316740979,0.272406532,243.0205493,15.94431977,-74.50285525,0.010163136
32,2,53.25874742,18.29374146,8.06262802,0.801,5000,0,0,1.37,0.501,0.191,365,28.34637739,80.7704926,8.180706705,1,229.2100142,3.331471143,0.599652175,508.0021153,7.604636102,-75.54101394,0.022090197
33,2,172.8119115,16.62660898,8.774283238,0.801,5000,0,0,1.37,0.501,0.191,365,17.6667708,147.6126855,5.098892771,1,429.7325075,3.312303743,0.375974998,202.7593902,14.14866396,-75.59622889,0.032467238
34,2,68.02055956,17.48472547,11.62558495,0.801,5000,0,0,1.37,0.501,0.191,365,37.51029233,136.9274469,5.073646855,1,320.6662513,3.32564347,0.235841163,359.6067859,17.24801915,-75.72726141,0.012320258
35,2,63.79947678,17.28362364,8.636347777,0.801,5000,0,0,1.37,0.501,0.191,365,22.94958971,70.50110451,5.04600302,1,209.228768,3.325410513,0.760514902,435.7956938,5.496244278,-75.7970345,0.010310261
36,2,84.74023132,15.76002576,10.51464205,0.801,5000,0,0,1.37,0.501,0.191,365,16.31835974,54.44458342,5.060916953,1,371.3726799,3.311560953,0.845370904,319.6139001,4.8673228,-76.1670089,0.015491061
37,2,97.75024793,16.98056139,6.781340377,0.801,5000,0,0,1.37,0.501,0.191,365,20.8697387,147.7533,8.227342745,1,229.3474894,3.323293094,0.284883377,744.5127361,17.47332799,-76.24881087,0.051384448
38,2,259.8499026,17.42974347,4.783271357,0.801,5000,0,0,1.37,0.501,0.191,365,8.500103307,82.10023599,5.080843478,1,305.3216912,3.330912256,0.816668837,666.5116739,8.901003266,-76.36954308,0.076591095
39,2,47.36063777,16.62061068,18.22488239,0.801,5000,0,0,1.37,0.501,0.191,365,39.74670573,91.93987997,8.209321289,1,470.9027775,3.314567632,0.454142495,282.3015313,7.491918395,-76.39062779,0.02646638
40,2,174.3660568,17.01258594,7.492148108,0.801,5000,0,0,1.37,0.501,0.191,365,17.27424447,134.4616596,5.06187149,1,354.6025126,3.323795236,0.601811982,408.9164488,9.048693084,-76.50106835,0.026029029
41,2,93.60179995,18.33434721,6.823879729,0.801,5000,0,0,1.37,0.501,0.191,365,18.61326539,96.05801163,8.193202388,1,250.2396263,3.334563105,0.631631435,511.2049407,8.50336142,-76.69740748,0.023836254
42,2,63.56596239,18.36006417,9.182259402,0.801,5000,0,0,1.37,0.501,0.191,365,35.770958,125.3434887,8.197509026,1,166.9473375,6.452834748,0.42243448,744.9351415,10.33857727,-77.49415827,0.021707755
43,2,74.13262999,16.93923108,13.57313197,0.801,5000,0,0,1.37,0.501,0.191,365,21.99621714,46.41750215,5.067251845,1,361.5971512,3.323993086,0.4032874,396.977579,9.416583234,-77.72451852,0.024049974
44,2,60.6302067,16.77317305,15.62004009,0.801,5000,0,0,1.37,0.501,0.191,365,42.34476333,161.1763641,5.057668913,1,493.1428313,3.309499139,0.816865835,438.2497616,4.59519294,-78.87803504,0.019822856
45,2,71.2810114,16.64584995,12.2344525,0.801,5000,0,0,1.37,0.501,0.191,365,20.9233125,59.29252306,8.184498539,1,426.5377453,3.311803681,0.453367375,1044.781551,9.077076607,-79.08419426,0.037275966
46,2,58.20938884,17.06965155,17.36707907,0.801,5000,0,0,1.37,0.501,0.191,365,34.09948611,71.15586379,8.197537729,1,457.7320217,3.3214532,0.313679085,546.2138563,11.6218606,-79.26306186,0.020155569
47,2,74.64192685,15.2874035,12.53810534,0.801,5000,0,0,1.37,0.501,0.191,365,48.89426006,234.5452286,8.217611688,1,269.6325869,3.31716221,0.739699299,1575.456341,4.288673104,-79.29658314,0.025346942
48,2,52.1729624,17.42448257,15.70539455,0.801,5000,0,0,1.37,0.501,0.191,365,25.02751484,37.16919763,8.185241258,1,293.7527685,3.329809334,0.293179824,663.272457,11.71118532,-80.45219596,0.005829615
49,2,47.05792444,17.35118572,17.06945898,0.801,5000,0,0,1.37,0.501,0.191,365,46.82244836,108.4208774,1.926499898,1,409.2464544,3.319450754,0.66028594,1324.284505,5.356924624,-80.67218828,0.010288579
50,2,127.7995471,15.42188225,15.22124867,0.801,5000,0,0,1.37,0.501,0.191,365,22.44533041,113.7574646,5.055572688,1,781.0626951,3.297165786,0.603419177,515.9835234,6.818709133,-85.35812964,0.015128475
51,2,27.43327475,8.33733729,12.73697917,0.801,5000,0,0,1.37,0.501,0.191,365,38.1447152,76.83290725,7.955617708,1,60.87918974,3.170673821,0.2375,91.05989703,6.046875,-56.42399194,0.022117378
52,2,27.43327475,8.33733729,12.73697917,0.801,5000,0,0,1.37,0.501,0.191,365,38.1447152,76.83290725,7.955617708,1,60.87918974,3.170673821,0.6375,91.05989703,15.546875,-422.7566177,0.330674416
53,2,27.43327475,8.33733729,12.73697917,0.801,5000,0,0,1.37,0.501,0.191,365,38.1447152,76.83290725,7.955617708,1,60.87918974,3.170673821,0.8375,91.05989703,1.296875,-54.64520573,0.007033482
54,2,27.43327475,8.33733729,12.73697917,0.801,5000,0,0,1.37,0.501,0.191,365,38.1447152,76.83290725,7.955617708,1,60.87918974,3.170673821,0.4375,91.05989703,10.796875,-185.096609,0.097659399
55,2,27.43327475,8.33733729,12.73697917,0.801,5000,0,0,1.37,0.501,0.191,365,38.1447152,76.83290725,7.955617708,1,60.87918974,3.170673821,0.5375,91.05989703,3.671875,-69.36994191,0.028123958
56,2,27.43327475,8.33733729,12.73697917,0.801,5000,0,0,1.37,0.501,0.191,365,38.1447152,76.83290725,7.955617708,1,60.87918974,3.170673821,0.9375,91.05989703,13.171875,-523.3646957,0.378224723
57,2,27.43327475,8.33733729,12.73697917,0.801,5000,0,0,1.37,0.501,0.191,365,38.1447152,76.83290725,7.955617708,1,60.87918974,3.170673821,0.7375,91.05989703,8.421875,-262.8573886,0.279973427
58,2,27.43327475,8.33733729,12.73697917,0.801,5000,0,0,1.37,0.501,0.191,365,38.1447152,76.83290725,7.955617708,1,60.87918974,3.170673821,0.3375,91.05989703,17.921875,-245.5099479,0.186568967
59,2,27.43327475,8.33733729,12.73697917,0.801,5000,0,0,1.37,0.501,0.191,365,38.1447152,76.83290725,7.955617708,1,60.87918974,3.170673821,0.3875,91.05989703,2.484375,-55.80494992,0.010348663
60,2,27.43327475,8.33733729,12.73697917,0.801,5000,0,0,1.37,0.501,0.191,365,38.1447152,76.83290725,7.955617708,1,60.87918974,3.170673821,0.7875,91.05989703,11.984375,-408.036537,0.43689817
61,2,27.43327475,8.33733729,12.73697917,0.801,5000,0,0,1.37,0.501,0.191,365,38.1447152,76.83290725,7.955617708,1,60.87918974,3.170673821,0.9875,91.05989703,7.234375,-313.7882473,0.227837058
62,2,27.43327475,8.33733729,12.73697917,0.801,5000,0,0,1.37,0.501,0.191,365,38.1447152,76.83290725,7.955617708,1,60.87918974,3.170673821,0.5875,91.05989703,16.734375,-418.3785385,0.212847947
63,2,27.43327475,8.33733729,12.73697917,0.801,5000,0,0,1.37,0.501,0.191,365,38.1447152,76.83290725,7.955617708,1,60.87918974,3.170673821,0.4875,91.05989703,9.609375,-184.1208179,0.114822462
64,2,27.43327475,8.33733729,12.73697917,0.801,5000,0,0,1.37,0.501,0.191,365,38.1447152,76.83290725,7.955617708,1,60.87918974,3.170673821,0.8875,91.05989703,19.109375,-662.5422016,0.559839129
65,2,27.43327475,8.33733729,12.73697917,0.801,5000,0,0,1.37,0.501,0.191,365,38.1447152,76.83290725,7.955617708,1,60.87918974,3.170673821,0.6875,91.05989703,4.859375,-124.6979538,0.07640539
66,2,27.43327475,8.33733729,12.73697917,0.801,5000,0,0,1.37,0.501,0.191,365,38.1447152,76.83290725,7.955617708,1,60.87918974,3.170673821,0.2875,91.05989703,14.359375,-154.211297,0.052351261
67,2,27.43327475,8.33733729,12.73697917,0.801,5000,0,0,1.37,0.501,0.191,365,38.1447152,76.83290725,7.955617708,1,60.87918974,3.170673821,0.2625,91.05989703,5.453125,-56.37468651,0.014969486
68,2,27.43327475,8.33733729,12.73697917,0.801,5000,0,0,1.37,0.501,0.191,365,38.1447152,76.83290725,7.955617708,1,60.87918974,3.170673821,0.6625,91.05989703,14.953125,-423.9888087,0.321540666
69,2,27.43327475,8.33733729,12.73697917,0.801,5000,0,0,1.37,0.501,0.191,365,38.1447152,76.83290725,7.955617708,1,60.87918974,3.170673821,0.8625,91.05989703,10.203125,-383.6436762,0.363697689
70,2,27.43327475,8.33733729,12.73697917,0.801,5000,0,0,1.37,0.501,0.191,365,38.1447152,76.83290725,7.955617708,1,60.87918974,3.170673821,0.4625,91.05989703,19.703125,-385.3173613,0.300541953
71,2,27.43327475,8.33733729,12.73697917,0.801,5000,0,0,1.37,0.501,0.191,365,38.1447152,76.83290725,7.955617708,1,60.87918974,3.170673821,0.5625,91.05989703,7.828125,-172.2570648,0.145805877
72,2,27.43327475,8.33733729,12.73697917,0.801,5000,0,0,1.37,0.501,0.191,365,38.1447152,76.83290725,7.955617708,1,60.87918974,3.170673821,0.9625,91.05989703,17.328125,-658.8516665,0.533081052
73,2,27.43327475,8.33733729,12.73697917,0.801,5000,0,0,1.37,0.501,0.191,365,38.1447152,76.83290725,7.955617708,1,60.87918974,3.170673821,0.7625,91.05989703,3.078125,-83.74084156,0.047550178
74,2,27.43327475,8.33733729,12.73697917,0.801,5000,0,0,1.37,0.501,0.191,365,38.1447152,76.83290725,7.955617708,1,60.87918974,3.170673821,0.3625,91.05989703,12.578125,-175.6541499,0.056841109
75,2,27.43327475,8.33733729,12.73697917,0.801,5000,0,0,1.37,0.501,0.191,365,38.1447152,76.83290725,7.955617708,1,60.87918974,3.170673821,0.3125,91.05989703,9.015625,-97.46825528,0.019777601
76,2,27.43327475,8.33733729,12.73697917,0.801,5000,0,0,1.37,0.501,0.191,365,38.1447152,76.83290725,7.955617708,1,60.87918974,3.170673821,0.7125,91.05989703,18.515625,-546.0543139,0.735559806
77,2,27.43327475,8.33733729,12.73697917,0.801,5000,0,0,1.37,0.501,0.191,365,38.1447152,76.83290725,7.955617708,1,60.87918974,3.170673821,0.9125,91.05989703,4.265625,-154.4583447,0.0307971
78,2,27.43327475,8.33733729,12.73697917,0.801,5000,0,0,1.37,0.501,0.191,365,38.1447152,76.83290725,7.955617708,1,60.87918974,3.170673821,0.5125,91.05989703,13.765625,-296.9793088,0.178358894
79,2,27.43327475,8.33733729,12.73697917,0.801,5000,0,0,1.37,0.501,0.191,365,38.1447152,76.83290725,7.955617708,1,60.87918974,3.170673821,0.4125,91.05989703,1.890625,-59.71784669,0.010914113
80,2,27.43327475,8.33733729,12.73697917,0.801,5000,0,0,1.37,0.501,0.191,365,38.1447152,76.83290725,7.955617708,1,60.87918974,3.170673821,0.8125,91.05989703,11.390625,-401.0066117,0.863674415
81,2,27.43327475,8.33733729,12.73697917,0.801,5000,0,0,1.37,0.501,0.191,365,38.1447152,76.83290725,7.955617708,1,60.87918974,3.170673821,0.6125,91.05989703,6.640625,-157.0747946,0.114197436
82,2,27.43327475,8.33733729,12.73697917,0.801,5000,0,0,1.37,0.501,0.191,365,38.1447152,76.83290725,7.955617708,1,60.87918974,3.170673821,0.2125,91.05989703,16.140625,-121.868228,0.102242961
83,2,27.43327475,8.33733729,12.73697917,0.801,5000,0,0,1.37,0.501,0.191,365,38.1447152,76.83290725,7.955617708,1,60.87918974,3.170673821,0.21875,91.05989703,8.5703125,-65.00294779,0.014603513
84,2,27.43327475,8.33733729,12.73697917,0.801,5000,0,0,1.37,0.501,0.191,365,38.1447152,76.83290725,7.955617708,1,60.87918974,3.170673821,0.61875,91.05989703,18.0703125,-471.4564269,0.301705941
85,2,27.43327475,8.33733729,12.73697917,0.801,5000,0,0,1.37,0.501,0.191,365,38.1447152,76.83290725,7.955617708,1,60.87918974,3.170673821,0.81875,91.05989703,3.8203125,-117.0635903,0.061318997
86,2,27.43327475,8.33733729,12.73697917,0.801,5000,0,0,1.37,0.501,0.191,365,38.1447152,76.83290725,7.955617708,1,60.87918974,3.170673821,0.41875,91.05989703,13.3203125,-224.7881132,0.109229817
87,2,27.43327475,8.33733729,12.73697917,0.801,5000,0,0,1.37,0.501,0.191,365,38.1447152,76.83290725,7.955617708,1,60.87918974,3.170673821,0.51875,91.05989703,1.4453125,-60.43529315,0.01376799
88,2,27.43327475,8.33733729,12.73697917,0.801,5000,0,0,1.37,0.501,0.191,365,38.1447152,76.83290725,7.955617708,1,60.87918974,3.170673821,0.91875,91.05989703,10.9453125,-436.2695797,1.152129571
89,2,27.43327475,8.33733729,12.73697917,0.801,5000,0,0,1.37,0.501,0.191,365,38.1447152,76.83290725,7.955617708,1,60.87918974,3.170673821,0.71875,91.05989703,6.1953125,-177.7619006,0.099136226
90,2,27.43327475,8.33733729,12.73697917,0.801,5000,0,0,1.37,0.501,0.191,365,38.1447152,76.83290725,7.955617708,1,60.87918974,3.170673821,0.31875,91.05989703,15.6953125,-195.6408141,0.097933134
91,2,27.43327475,8.33733729,12.73697917,0.801,5000,0,0,1.37,0.501,0.191,365,38.1447152,76.83290725,7.955617708,1,60.87918974,3.170673821,0.36875,91.05989703,5.0078125,-64.98190283,0.023486302
92,2,27.43327475,8.33733729,12.73697917,0.801,5000,0,0,1.37,0.501,0.191,365,38.1447152,76.83290725,7.955617708,1,60.87918974,3.170673821,0.76875,91.05989703,14.5078125,-474.3832145,0.439695455
93,2,27.43327475,8.33733729,12.73697917,0.801,5000,0,0,1.37,0.501,0.191,365,38.1447152,76.83290725,7.955617708,1,60.87918974,3.170673821,0.96875,91.05989703,9.7578125,-414.7812985,0.237611285
94,2,27.43327475,8.33733729,12.73697917,0.801,5000,0,0,1.37,0.501,0.191,365,38.1447152,76.83290725,7.955617708,1,60.87918974,3.170673821,0.56875,91.05989703,19.2578125,-461.3991083,0.636905766
95,2,27.43327475,8.33733729,12.73697917,0.801,5000,0,0,1.37,0.501,0.191,365,38.1447152,76.83290725,7.955617708,1,60.87918974,3.170673821,0.46875,91.05989703,7.3828125,-126.7297066,0.101160806
96,2,27.43327475,8.33733729,12.73697917,0.801,5000,0,0,1.37,0.501,0.191,365,38.1447152,76.83290725,7.955617708,1,60.87918974,3.170673821,0.86875,91.05989703,16.8828125,-595.6220174,1.214097085
97,2,27.43327475,8.33733729,12.73697917,0.801,5000,0,0,1.37,0.501,0.191,365,38.1447152,76.83290725,7.955617708,1,60.87918974,3.170673821,0.66875,91.05989703,2.6328125,-64.15559377,0.028703108
98,2,27.43327475,8.33733729,12.73697917,0.801,5000,0,0,1.37,0.501,0.191,365,38.1447152,76.83290725,7.955617708,1,60.87918974,3.170673821,0.26875,91.05989703,12.1328125,-115.2511492,0.055099548
99,2,27.43327475,8.33733729,12.73697917,0.801,5000,0,0,1.37,0.501,0.191,365,38.1447152,76.83290725,7.955617708,1,60.87918974,3.170673821,0.29375,91.05989703,3.2265625,-56.13714922,0.005460656
100,2,27.43327475,8.33733729,12.73697917,0.801,5000,0,0,1.37,0.501,0.191,365,38.1447152,76.83290725,7.955617708,1,60.87918974,3.170673821,0.69375,91.05989703,12.7265625,-380.0010482,0.399316973
101,2,27.43327475,8.33733729,12.73697917,0.801,5000,0,0,1.37,0.501,0.191,365,38.1447152,76.83290725,7.955617708,1,60.87918974,3.170673821,0.21875,91.05989703,8.5703125,-64.99416008,0.022466568
102,2,27.43327475,8.33733729,12.73697917,0.801,5000,0,0,1.37,0.501,0.191,365,38.1447152,76.83290725,7.955617708,1,60.87918974,3.170673821,0.61875,91.05989703,18.0703125,-470.7335358,0.631049117
103,2,27.43327475,8.33733729,12.73697917,0.801,5000,0,0,1.37,0.501,0.191,365,38.1447152,76.83290725,7.955617708,1,60.87918974,3.170673821,0.81875,91.05989703,3.8203125,-117.0435925,0.072011278
104,2,27.43327475,8.33733729,12.73697917,0.801,5000,0,0,1.37,0.501,0.191,365,38.1447152,76.83290725,7.955617708,1,60.87918974,3.170673821,0.41875,91.05989703,13.3203125,-225.1366734,0.083144675
105,2,27.43327475,8.33733729,12.73697917,0.801,5000,0,0,1.37,0.501,0.191,365,38.1447152,76.83290725,7.955617708,1,60.87918974,3.170673821,0.51875,91.05989703,1.4453125,-60.40663219,0.00697586
106,2,27.43327475,8.33733729,12.73697917,0.801,5000,0,0,1.37,0.501,0.191,365,38.1447152,76.83290725,7.955617708,1,60.87918974,3.170673821,0.91875,91.05989703,10.9453125,-437.2619873,0.22350113
107,2,27.43327475,8.33733729,12.73697917,0.801,5000,0,0,1.37,0.501,0.191,365,38.1447152,76.83290725,7.955617708,1,60.87918974,3.170673821,0.71875,91.05989703,6.1953125,-177.729905,0.213087349
108,2,27.43327475,8.33733729,12.73697917,0.801,5000,0,0,1.37,0.501,0.191,365,38.1447152,76.83290725,7.955617708,1,60.87918974,3.170673821,0.31875,91.05989703,15.6953125,-195.6893306,0.102340481
109,2,27.43327475,8.33733729,12.73697917,0.801,5000,0,0,1.37,0.501,0.191,365,38.1447152,76.83290725,7.955617708,1,60.87918974,3.170673821,0.36875,91.05989703,5.0078125,-64.94444193,0.021360613
110,2,27.43327475,8.33733729,12.73697917,0.801,5000,0,0,1.37,0.501,0.191,365,38.1447152,76.83290725,7.955617708,1,60.87918974,3.170673821,0.76875,91.05989703,14.5078125,-474.9654802,0.617633725
111,2,27.43327475,8.33733729,12.73697917,0.801,5000,0,0,1.37,0.501,0.191,365,38.1447152,76.83290725,7.955617708,1,60.87918974,3.170673821,0.96875,91.05989703,9.7578125,-413.9418917,0.25869112
112,2,27.43327475,8.33733729,12.73697917,0.801,5000,0,0,1.37,0.501,0.191,365,38.1447152,76.83290725,7.955617708,1,60.87918974,3.170673821,0.56875,91.05989703,19.2578125,-460.718452,0.80708508
113,2,27.43327475,8.33733729,12.73697917,0.801,5000,0,0,1.37,0.501,0.191,365,38.1447152,76.83290725,7.955617708,1,60.87918974,3.170673821,0.46875,91.05989703,7.3828125,-126.8095978,0.055589306
114,2,27.43327475,8.33733729,12.73697917,0.801,5000,0,0,1.37,0.501,0.191,365,38.1447152,76.83290725,7.955617708,1,60.87918974,3.170673821,0.86875,91.05989703,16.8828125,-597.1557608,0.572223901
115,2,27.43327475,8.33733729,12.73697917,0.801,5000,0,0,1.37,0.501,0.191,365,38.1447152,76.83290725,7.955617708,1,60.87918974,3.170673821,0.66875,91.05989703,2.6328125,-64.14421579,0.023319962
116,2,27.43327475,8.33733729,12.73697917,0.801,5000,0,0,1.37,0.501,0.191,365,38.1447152,76.83290725,7.955617708,1,60.87918974,3.170673821,0.26875,91.05989703,12.1328125,-115.3266812,0.021507232
117,2,27.43327475,8.33733729,12.73697917,0.801,5000,0,0,1.37,0.501,0.191,365,38.1447152,76.83290725,7.955617708,1,60.87918974,3.170673821,0.29375,91.05989703,3.2265625,-56.12301686,0.010988406
118,2,27.43327475,8.33733729,12.73697917,0.801,5000,0,0,1.37,0.501,0.191,365,38.1447152,76.83290725,7.955617708,1,60.87918974,3.170673821,0.69375,91.05989703,12.7265625,-380.2446086,0.307810766
119,2,27.43327475,8.33733729,12.73697917,0.801,5000,0,0,1.37,0.501,0.191,365,38.1447152,76.83290725,7.955617708,1,60.87918974,3.170673821,0.89375,91.05989703,7.9765625,-310.698938,0.198490174
120,2,27.43327475,8.33733729,12.73697917,0.801,5000,0,0,1.37,0.501,0.191,365,38.1447152,76.83290725,7.955617708,1,60.87918974,3.170673821,0.49375,91.05989703,17.4765625,-365.0850856,0.334008805
121,2,27.43327475,8.33733729,12.73697917,0.801,5000,0,0,1.37,0.501,0.191,365,38.1447152,76.83290725,7.955617708,1,60.87918974,3.170673821,0.59375,91.05989703,10.3515625,-256.3679831,0.11161958
122,2,27.43327475,8.33733729,12.73697917,0.801,5000,0,0,1.37,0.501,0.191,365,38.1447152,76.83290725,7.955617708,1,60.87918974,3.170673821,0.99375,91.05989703,19.8515625,-735.5553677,3.341777455
123,2,27.43327475,8.33733729,12.73697917,0.801,5000,0,0,1.37,0.501,0.191,365,38.1447152,76.83290725,7.955617708,1,60.87918974,3.170673821,0.79375,91.05989703,5.6015625,-178.9512315,0.162596839
124,2,27.43327475,8.33733729,12.73697917,0.801,5000,0,0,1.37,0.501,0.191,365,38.1447152,76.83290725,7.955617708,1,60.87918974,3.170673821,0.39375,91.05989703,15.1015625,-241.5075057,0.220746032
125,2,27.43327475,8.33733729,12.73697917,0.801,5000,0,0,1.37,0.501,0.191,365,38.1447152,76.83290725,7.955617708,1,60.87918974,3.170673821,0.34375,91.05989703,6.7890625,-79.71620036,0.039125235
126,2,27.43327475,8.33733729,12.73697917,0.801,5000,0,0,1.37,0.501,0.191,365,38.1447152,76.83290725,7.955617708,1,60.87918974,3.170673821,0.74375,91.05989703,16.2890625,-507.5960899,1.790842492
127,2,27.43327475,8.33733729,12.73697917,0.801,5000,0,0,1.37,0.501,0.191,365,38.1447152,76.83290725,7.955617708,1,60.87918974,3.170673821,0.94375,91.05989703,2.0390625,-70.5208248,0.039548441
128,2,27.43327475,8.33733729,12.73697917,0.801,5000,0,0,1.37,0.501,0.191,365,38.1447152,76.83290725,7.955617708,1,60.87918974,3.170673821,0.54375,91.05989703,11.5390625,-261.081155,0.104885314
129,2,27.43327475,8.33733729,12.73697917,0.801,5000,0,0,1.37,0.501,0.191,365,38.1447152,76.83290725,7.955617708,1,60.87918974,3.170673821,0.44375,91.05989703,4.4140625,-68.39984753,0.015796897
130,2,27.43327475,8.33733729,12.73697917,0.801,5000,0,0,1.37,0.501,0.191,365,38.1447152,76.83290725,7.955617708,1,60.87918974,3.170673821,0.84375,91.05989703,13.9140625,-497.9362696,0.396260541
131,2,27.43327475,8.33733729,12.73697917,0.801,5000,0,0,1.37,0.501,0.191,365,38.1447152,76.83290725,7.955617708,1,60.87918974,3.170673821,0.64375,91.05989703,9.1640625,-246.1023687,0.077383083
132,2,27.43327475,8.33733729,12.73697917,0.801,5000,0,0,1.37,0.501,0.191,365,38.1447152,76.83290725,7.955617708,1,60.87918974,3.170673821,0.24375,91.05989703,18.6640625,-172.9351391,0.079212394
133,2,27.43327475,8.33733729,12.73697917,0.801,5000,0,0,1.37,0.501,0.191,365,38.1447152,76.83290725,7.955617708,1,60.87918974,3.170673821,0.23125,91.05989703,3.5234375,-59.10644986,0.011652611
134,2,27.43327475,8.33733729,12.73697917,0.801,5000,0,0,1.37,0.501,0.191,365,38.1447152,76.83290725,7.955617708,1,60.87918974,3.170673821,0.63125,91.05989703,13.0234375,-351.8301895,0.284971741
135,2,27.43327475,8.33733729,12.73697917,0.801,5000,0,0,1.37,0.501,0.191,365,38.1447152,76.83290725,7.955617708,1,60.87918974,3.170673821,0.83125,91.05989703,8.2734375,-297.4272343,0.207641225
136,2,27.43327475,8.33733729,12.73697917,0.801,5000,0,0,1.37,0.501,0.191,365,38.1447152,76.83290725,7.955617708,1,60.87918974,3.170673821,0.43125,91.05989703,17.7734375,-321.92749,0.216873052
137,2,27.43327475,8.33733729,12.73697917,0.801,5000,0,0,1.37,0.501,0.191,365,38.1447152,76.83290725,7.955617708,1,60.87918974,3.170673821,0.53125,91.05989703,5.8984375,-113.3720796,0.055043703
138,2,27.43327475,8.33733729,12.73697917,0.801,5000,0,0,1.37,0.501,0.191,365,38.1447152,76.83290725,7.955617708,1,60.87918974,3.170673821,0.93125,91.05989703,15.3984375,-588.5279414,0.317787538
139,2,27.43327475,8.33733729,12.73697917,0.801,5000,0,0,1.37,0.501,0.191,365,38.1447152,76.83290725,7.955617708,1,60.87918974,3.170673821,0.73125,91.05989703,1.1484375,-57.40574075,0.024270435
140,2,27.43327475,8.33733729,12.73697917,0.801,5000,0,0,1.37,0.501,0.191,365,38.1447152,76.83290725,7.955617708,1,60.87918974,3.170673821,0.33125,91.05989703,10.6484375,-127.6184608,0.057678762
141,2,27.43327475,8.33733729,12.73697917,0.801,5000,0,0,1.37,0.501,0.191,365,38.1447152,76.83290725,7.955617708,1,60.87918974,3.170673821,0.38125,91.05989703,9.4609375,-131.9604371,0.087025146
142,2,27.43327475,8.33733729,12.73697917,0.801,5000,0,0,1.37,0.501,0.191,365,38.1447152,76.83290725,7.955617708,1,60.87918974,3.170673821,0.78125,91.05989703,18.9609375,-598.1951449,0.270832603
143,2,27.43327475,8.33733729,12.73697917,0.801,5000,0,0,1.37,0.501,0.191,365,38.1447152,76.83290725,7.955617708,1,60.87918974,3.170673821,0.98125,91.05989703,4.7109375,-191.7365801,0.166671823
144,2,27.43327475,8.33733729,12.73697917,0.801,5000,0,0,1.37,0.501,0.191,365,38.1447152,76.83290725,7.955617708,1,60.87918974,3.170673821,0.58125,91.05989703,14.2109375,-352.096543,0.386274301
145,2,27.43327475,8.33733729,12.73697917,0.801,5000,0,0,1.37,0.501,0.191,365,38.1447152,76.83290725,7.955617708,1,60.87918974,3.170673821,0.48125,91.05989703,2.3359375,-54.61927796,0.006640351
146,2,27.43327475,8.33733729,12.73697917,0.801,5000,0,0,1.37,0.501,0.191,365,38.1447152,76.83290725,7.955617708,1,60.87918974,3.170673821,0.88125,91.05989703,11.8359375,-450.6752403,0.212311316
147,2,27.43327475,8.33733729,12.73697917,0.801,5000,0,0,1.37,0.501,0.191,365,38.1447152,76.83290725,7.955617708,1,60.87918974,3.170673821,0.68125,91.05989703,7.0859375,-194.9091553,0.117718054
148,2,27.43327475,8.33733729,12.73697917,0.801,5000,0,0,1.37,0.501,0.191,365,38.1447152,76.83290725,7.955617708,1,60.87918974,3.170673821,0.28125,91.05989703,16.5859375,-178.9638442,0.127422644
149,2,27.43327475,8.33733729,12.73697917,0.801,5000,0,0,1.37,0.501,0.191,365,38.1447152,76.83290725,7.955617708,1,60.87918974,3.170673821,0.25625,91.05989703,7.6796875,-67.66718511,0.01755743
150,2,27.43327475,8.33733729,12.73697917,0.801,5000,0,0,1.37,0.501,0.191,365,38.1447152,76.83290725,7.955617708,1,60.87918974,3.170673821,0.65625,91.05989703,17.1796875,-475.5958372,0.567665122
151,2,27.43327475,8.33733729,12.73697917,0.801,5000,0,0,1.37,0.501,0.191,365,38.1447152,76.83290725,7.955617708,1,60.87918974,3.170673821,0.85625,91.05989703,2.9296875,-91.00364408,0.020252169
152,2,27.43327475,8.33733729,12.73697917,0.801,5000,0,0,1.37,0.501,0.191,365,38.1447152,76.83290725,7.955617708,1,60.87918974,3.170673821,0.45625,91.05989703,12.4296875,-230.3035194,0.137357065
153,2,27.43327475,8.33733729,12.73697917,0.801,5000,0,0,1.37,0.501,0.191,365,38.1447152,76.83290725,7.955617708,1,60.87918974,3.170673821,0.55625,91.05989703,5.3046875,-105.7787553,0.033468974
154,2,27.43327475,8.33733729,12.73697917,0.801,5000,0,0,1.37,0.501,0.191,365,38.1447152,76.83290725,7.955617708,1,60.87918974,3.170673821,0.95625,91.05989703,14.8046875,-583.4827549,0.227136397
155,2,27.43327475,8.33733729,12.73697917,0.801,5000,0,0,1.37,0.501,0.191,365,38.1447152,76.83290725,7.955617708,1,60.87918974,3.170673821,0.75625,91.05989703,10.0546875,-328.0947751,0.209746541
156,2,27.43327475,8.33733729,12.73697917,0.801,5000,0,0,1.37,0.501,0.191,365,38.1447152,76.83290725,7.955617708,1,60.87918974,3.170673821,0.35625,91.05989703,19.5546875,-288.1745229,0.158933249
157,2,27.43327475,8.33733729,12.73697917,0.801,5000,0,0,1.37,0.501,0.191,365,38.1447152,76.83290725,7.955617708,1,60.87918974,3.170673821,0.30625,91.05989703,1.7421875,-72.18937348,0.015242269
158,2,27.43327475,8.33733729,12.73697917,0.801,5000,0,0,1.37,0.501,0.191,365,38.1447152,76.83290725,7.955617708,1,60.87918974,3.170673821,0.70625,91.05989703,11.2421875,-341.6693398,0.307857216
159,2,27.43327475,8.33733729,12.73697917,0.801,5000,0,0,1.37,0.501,0.191,365,38.1447152,76.83290725,7.955617708,1,60.87918974,3.170673821,0.90625,91.05989703,6.4921875,-252.1512388,0.129992552
160,2,27.43327475,8.33733729,12.73697917,0.801,5000,0,0,1.37,0.501,0.191,365,38.1447152,76.83290725,7.955617708,1,60.87918974,3.170673821,0.50625,91.05989703,15.9921875,-342.8934651,0.36561816
161,2,27.43327475,8.33733729,12.73697917,0.801,5000,0,0,1.37,0.501,0.191,365,38.1447152,76.83290725,7.955617708,1,60.87918974,3.170673821,0.40625,91.05989703,8.8671875,-132.1419668,0.04303892
162,2,27.43327475,8.33733729,12.73697917,0.801,5000,0,0,1.37,0.501,0.191,365,38.1447152,76.83290725,7.955617708,1,60.87918974,3.170673821,0.80625,91.05989703,18.3671875,-598.5813874,0.652515914
163,2,27.43327475,8.33733729,12.73697917,0.801,5000,0,0,1.37,0.501,0.191,365,38.1447152,76.83290725,7.955617708,1,60.87918974,3.170673821,0.60625,91.05989703,4.1171875,-87.92843503,0.052204857
164,2,27.43327475,8.33733729,12.73697917,0.801,5000,0,0,1.37,0.501,0.191,365,38.1447152,76.83290725,7.955617708,1,60.87918974,3.170673821,0.20625,91.05989703,13.6171875,-96.08802546,0.034631411
165,2,27.43327475,8.33733729,12.73697917,0.801,5000,0,0,1.37,0.501,0.191,365,38.1447152,76.83290725,7.955617708,1,60.87918974,3.170673821,0.209375,91.05989703,7.30859375,-57.72291887,0.020481608
166,2,27.43327475,8.33733729,12.73697917,0.801,5000,0,0,1.37,0.501,0.191,365,38.1447152,76.83290725,7.955617708,1,60.87918974,3.170673821,0.609375,91.05989703,16.80859375,-433.4489468,1.552608389
167,2,27.43327475,8.33733729,12.73697917,0.801,5000,0,0,1.37,0.501,0.191,365,38.1447152,76.83290725,7.955617708,1,60.87918974,3.170673821,0.809375,91.05989703,2.55859375,-74.29508182,0.039388598
168,2,27.43327475,8.33733729,12.73697917,0.801,5000,0,0,1.37,0.501,0.191,365,38.1447152,76.83290725,7.955617708,1,60.87918974,3.170673821,0.409375,91.05989703,12.05859375,-194.3790064,0.08187611
169,2,27.43327475,8.33733729,12.73697917,0.801,5000,0,0,1.37,0.501,0.191,365,38.1447152,76.83290725,7.955617708,1,60.87918974,3.170673821,0.509375,91.05989703,4.93359375,-87.65901929,0.031313294
170,2,27.43327475,8.33733729,12.73697917,0.801,5000,0,0,1.37,0.501,0.191,365,38.1447152,76.83290725,7.955617708,1,60.87918974,3.170673821,0.909375,91.05989703,14.43359375,-548.4230308,0.332516448
171,2,27.43327475,8.33733729,12.73697917,0.801,5000,0,0,1.37,0.501,0.191,365,38.1447152,76.83290725,7.955617708,1,60.87918974,3.170673821,0.709375,91.05989703,9.68359375,-292.9552595,0.20288106
172,2,27.43327475,8.33733729,12.73697917,0.801,5000,0,0,1.37,0.501,0.191,365,38.1447152,76.83290725,7.955617708,1,60.87918974,3.170673821,0.309375,91.05989703,19.18359375,-239.2020603,0.13718548
173,2,27.43327475,8.33733729,12.73697917,0.801,5000,0,0,1.37,0.501,0.191,365,38.1447152,76.83290725,7.955617708,1,60.87918974,3.170673821,0.359375,91.05989703,1.37109375,-75.10603624,0.015047441
174,2,27.43327475,8.33733729,12.73697917,0.801,5000,0,0,1.37,0.501,0.191,365,38.1447152,76.83290725,7.955617708,1,60.87918974,3.170673821,0.759375,91.05989703,10.87109375,-357.5948223,0.116708816
175,2,27.43327475,8.33733729,12.73697917,0.801,5000,0,0,1.37,0.501,0.191,365,38.1447152,76.83290725,7.955617708,1,60.87918974,3.170673821,0.959375,91.05989703,6.12109375,-252.9059101,0.115163419
176,2,27.43327475,8.33733729,12.73697917,0.801,5000,0,0,1.37,0.501,0.191,365,38.1447152,76.83290725,7.955617708,1,60.87918974,3.170673821,0.559375,91.05989703,15.62109375,-372.0724315,0.307109547
177,2,27.43327475,8.33733729,12.73697917,0.801,5000,0,0,1.37,0.501,0.191,365,38.1447152,76.83290725,7.955617708,1,60.87918974,3.170673821,0.459375,91.05989703,8.49609375,-146.8358727,0.076978939
178,2,27.43327475,8.33733729,12.73697917,0.801,5000,0,0,1.37,0.501,0.191,365,38.1447152,76.83290725,7.955617708,1,60.87918974,3.170673821,0.859375,91.05989703,17.99609375,-620.2606469,0.841560666
179,2,27.43327475,8.33733729,12.73697917,0.801,5000,0,0,1.37,0.501,0.191,365,38.1447152,76.83290725,7.955617708,1,60.87918974,3.170673821,0.659375,91.05989703,3.74609375,-87.45599848,0.029050444
180,2,27.43327475,8.33733729,12.73697917,0.801,5000,0,0,1.37,0.501,0.191,365,38.1447152,76.83290725,7.955617708,1,60.87918974,3.170673821,0.259375,91.05989703,13.24609375,-122.8148713,0.057644177
181,2,27.43327475,8.33733729,12.73697917,0.801,5000,0,0,1.37,0.501,0.191,365,38.1447152,76.83290725,7.955617708,1,60.87918974,3.170673821,0.284375,91.05989703,4.33984375,-54.7500688,0.011045301
182,2,27.43327475,8.33733729,12.73697917,0.801,5000,0,0,1.37,0.501,0.191,365,38.1447152,76.83290725,7.955617708,1,60.87918974,3.170673821,0.684375,91.05989703,13.83984375,-406.5587231,0.373491003
183,2,27.43327475,8.33733729,12.73697917,0.801,5000,0,0,1.37,0.501,0.191,365,38.1447152,76.83290725,7.955617708,1,60.87918974,3.170673821,0.884375,91.05989703,9.08984375,-351.3009529,0.51349407
184,2,27.43327475,8.33733729,12.73697917,0.801,5000,0,0,1.37,0.501,0.191,365,38.1447152,76.83290725,7.955617708,1,60.87918974,3.170673821,0.484375,91.05989703,18.58984375,-381.2794987,0.223646603
185,2,27.43327475,8.33733729,12.73697917,0.801,5000,0,0,1.37,0.501,0.191,365,38.1447152,76.83290725,7.955617708,1,60.87918974,3.170673821,0.584375,91.05989703,6.71484375,-149.8241687,0.080312146
186,2,27.43327475,8.33733729,12.73697917,0.801,5000,0,0,1.37,0.501,0.191,365,38.1447152,76.83290725,7.955617708,1,60.87918974,3.170673821,0.984375,91.05989703,16.21484375,-639.2905961,0.404850539
187,2,27.43327475,8.33733729,12.73697917,0.801,5000,0,0,1.37,0.501,0.191,365,38.1447152,76.83290725,7.955617708,1,60.87918974,3.170673821,0.784375,91.05989703,1.96484375,-59.48746895,0.010365114
188,2,27.43327475,8.33733729,12.73697917,0.801,5000,0,0,1.37,0.501,0.191,365,38.1447152,76.83290725,7.955617708,1,60.87918974,3.170673821,0.384375,91.05989703,11.46484375,-168.9926655,0.040647588
189,2,27.43327475,8.33733729,12.73697917,0.801,5000,0,0,1.37,0.501,0.191,365,38.1447152,76.83290725,7.955617708,1,60.87918974,3.170673821,0.334375,91.05989703,10.27734375,-123.7518711,0.026511059
190,2,27.43327475,8.33733729,12.73697917,0.801,5000,0,0,1.37,0.501,0.191,365,38.1447152,76.83290725,7.955617708,1,60.87918974,3.170673821,0.734375,91.05989703,19.77734375,-587.4053898,1.155672892
191,2,27.43327475,8.33733729,12.73697917,0.801,5000,0,0,1.37,0.501,0.191,365,38.1447152,76.83290725,7.955617708,1,60.87918974,3.170673821,0.934375,91.05989703,5.52734375,-217.5421096,0.129771251
192,2,27.43327475,8.33733729,12.73697917,0.801,5000,0,0,1.37,0.501,0.191,365,38.1447152,76.83290725,7.955617708,1,60.87918974,3.170673821,0.534375,91.05989703,15.02734375,-341.1227005,0.204015467
193,2,27.43327475,8.33733729,12.73697917,0.801,5000,0,0,1.37,0.501,0.191,365,38.1447152,76.83290725,7.955617708,1,60.87918974,3.170673821,0.434375,91.05989703,3.15234375,-55.93387651,0.016588992
194,2,27.43327475,8.33733729,12.73697917,0.801,5000,0,0,1.37,0.501,0.191,365,38.1447152,76.83290725,7.955617708,1,60.87918974,3.170673821,0.834375,91.05989703,12.65234375,-453.7991633,0.427307346
195,2,27.43327475,8.33733729,12.73697917,0.801,5000,0,0,1.37,0.501,0.191,365,38.1447152,76.83290725,7.955617708,1,60.87918974,3.170673821,0.634375,91.05989703,7.90234375,-202.9921264,0.079352507
196,2,27.43327475,8.33733729,12.73697917,0.801,5000,0,0,1.37,0.501,0.191,365,38.1447152,76.83290725,7.955617708,1,60.87918974,3.170673821,0.234375,91.05989703,17.40234375,-151.0219631,0.061877822
197,2,27.43327475,8.33733729,12.73697917,0.801,5000,0,0,1.37,0.501,0.191,365,38.1447152,76.83290725,7.955617708,1,60.87918974,3.170673821,0.246875,91.05989703,2.26171875,-70.68929724,0.01719414
198,2,27.43327475,8.33733729,12.73697917,0.801,5000,0,0,1.37,0.501,0.191,365,38.1447152,76.83290725,7.955617708,1,60.87918974,3.170673821,0.646875,91.05989703,11.76171875,-325.2508216,0.163151642
199,2,27.43327475,8.33733729,12.73697917,0.801,5000,0,0,1.37,0.501,0.191,365,38.1447152,76.83290725,7.955617708,1,60.87918974,3.170673821,0.846875,91.05989703,7.01171875,-252.8128882,0.321940209
200,2,27.43327475,8.33733729,12.73697917,0.801,5000,0,0,1.37,0.501,0.191,365,38.1447152,76.83290725,7.955617708,1,60.87918974,3.170673821,0.446875,91.05989703,16.51171875,-309.4828113,0.233268981
201,2,27.43327,8.337337,12.73698,0.801,5000,0,0,1.37,0.501,0.191,365,38.14472,76.83291,7.955618,1,60.87919,3.170674,0.2,91.0599,6,-54.63808,0.008590339
202,2,26.65450237,9.972638046,4.698514019,0.801,5000,0,0,1.37,0.501,0.191,365,17.09713776,130.7260288,7.179,1,70.92567539,3.059979054,0.864395994,45.85596771,2.801596671,-54.92826101,0.007709465
203,2,37.48947706,11.68427918,6.496712628,0.801,5000,0,0,1.37,0.501,0.191,365,7.124390896,45.4153471,7.179,1,259.4361795,3.082046952,0.690625426,87.41071968,5.445853244,-55.14308991,0.013082604
204,2,25.2567088,11.43946722,12.27815585,0.801,5000,0,0,1.37,0.501,0.191,365,9.878717527,43.5219854,7.179,1,437.8532755,3.060500661,0.653168364,77.30697457,4.807449133,-55.87332782,0.005906823
205,2,47.47410088,12.15669105,5.621838903,0.801,5000,0,0,1.37,0.501,0.191,365,15.3005115,277.4512627,7.179,1,230.6566871,3.119756931,0.351411208,106.6301016,12.14400641,-56.8562375,0.013204754
206,2,55.29423828,7.086611507,13.40452943,0.801,5000,0,0,1.37,0.501,0.191,365,31.02633524,67.11767511,7.179,1,51.67341577,3.135462226,0.836804689,36.63992247,0.953002173,-57.12195993,0.00200166
207,2,36.46898257,12.27921162,6.201903513,0.801,5000,0,0,1.37,0.501,0.191,365,9.378422374,78.09184537,7.179,1,203.4898323,3.122200549,0.616630067,86.10208691,6.268568418,-57.16682697,0.015403191
208,2,60.38419577,11.7468788,5.772095335,0.801,5000,0,0,1.37,0.501,0.191,365,6.13591633,65.72103179,7.179,1,314.8963487,3.122401223,0.525730956,108.9413705,9.062048779,-57.175787,0.015082742
209,2,73.64111096,11.88089989,3.542431678,0.801,5000,0,0,1.37,0.501,0.191,365,7.827637439,144.4410517,7.179,1,177.3609166,3.129056384,0.203833156,208.7619913,26.22649081,-57.25021014,0.019127948
210,2,69.06068105,11.54318969,4.331692116,0.801,5000,0,0,1.37,0.501,0.191,365,8.924645649,169.9270125,7.179,1,212.6644279,3.126236976,0.523663436,147.6013656,9.314505581,-57.28514879,0.019750205
211,2,33.42182082,11.78371384,7.659303842,0.801,5000,0,0,1.37,0.501,0.191,365,13.46583255,123.1969983,7.179,1,252.2863762,3.110848158,0.839824402,106.6294948,4.186737869,-57.54154192,0.006328643
212,2,57.74803774,12.00804892,6.190324123,0.801,5000,0,0,1.37,0.501,0.191,365,16.42256636,402.6655435,7.179,1,305.1068745,3.121567455,0.589270142,135.8561468,7.712486997,-57.74925254,0.015788834
213,2,36.26892515,11.45384173,14.46172507,0.801,5000,0,0,1.37,0.501,0.191,365,12.98482218,123.3536632,7.179,1,654.1161518,3.081192789,0.584563342,149.6995089,5.732589299,-57.81187837,0.006541065
214,2,52.63553811,12.46759449,6.734469796,0.801,5000,0,0,1.37,0.501,0.191,365,12.72235869,238.0151934,7.179,1,357.0001572,3.102822144,0.276050663,371.5475501,17.44001067,-58.37030338,0.011990847
215,2,41.9480508,12.67582671,6.236238945,0.801,5000,0,0,1.37,0.501,0.191,365,10.48906102,113.5228698,7.179,1,243.4436197,3.137957309,0.647998785,119.0917278,6.525946938,-58.45149896,0.040757046
216,2,69.22976633,12.14675161,3.868339455,0.801,5000,0,0,1.37,0.501,0.191,365,8.265243729,149.7241661,7.179,1,172.3599073,3.128123693,0.487883531,798.148539,10.46323571,-58.61291706,0.02703234
217,2,59.87529761,12.26470479,3.096633856,0.801,5000,0,0,1.37,0.501,0.191,365,8.2193987,124.4901778,7.179,1,111.9051611,3.135591901,0.825442739,683.2241258,6.124282087,-58.68485394,0.012883511
218,2,23.34060602,11.15722171,12.71425965,0.801,5000,0,0,1.37,0.501,0.191,365,15.37988785,84.42240377,7.179,1,300.1808124,3.079952708,0.604622574,283.9268504,4.365750916,-58.8268043,0.008385552
219,2,20.17767693,11.07667308,15.13193086,0.801,5000,0,0,1.37,0.501,0.191,365,12.9220463,53.27979355,7.179,1,417.3610923,2.998125424,0.483001402,115.9913777,5.710311779,-59.20567235,0.019586788
220,2,51.10840893,11.7330588,9.411879901,0.801,5000,0,0,1.37,0.501,0.191,365,8.230795766,107.3244431,7.179,1,547.8750303,3.036957024,0.287332173,272.0337209,16.15975621,-59.56346348,0.016882681
221,2,67.24800004,11.87659189,7.184363567,0.801,5000,0,0,1.37,0.501,0.191,365,11.73710072,316.2001676,7.179,1,475.5715837,3.044554537,0.507642896,1129.837086,10.26164861,-59.67070201,0.049884929
222,2,20.90411002,10.7731652,17.8169494,0.801,5000,0,0,1.37,0.501,0.191,365,20.7527779,142.0023807,7.179,1,589.8854206,2.976353818,0.509073851,86.56097439,5.531785668,-60.15739461,0.010015362
223,2,34.84576728,12.61527266,9.038013312,0.801,5000,0,0,1.37,0.501,0.191,365,10.87276083,89.30533354,7.179,1,359.4844818,3.112650474,0.470277563,402.394614,8.517897359,-60.28938876,0.026950624
224,2,40.6819775,12.06912775,8.749933195,0.801,5000,0,0,1.37,0.501,0.191,365,9.856398553,93.35196137,7.179,1,364.3989516,3.118199614,0.814623304,338.1189928,4.816110111,-60.506173,0.023054377
225,2,24.05172315,12.23117621,16.66591767,0.801,5000,0,0,1.37,0.501,0.191,365,21.88865726,192.0804097,7.179,1,471.3010362,3.058675848,0.428875901,486.0655873,7.240713869,-62.03605735,0.011343235
226,2,57.63228334,11.16739332,11.38647533,0.801,5000,0,0,1.37,0.501,0.191,365,9.04868195,163.0716443,7.179,1,1067.528375,2.995252742,0.850405255,511.5846596,6.000979441,-62.26241073,0.133929007
227,2,37.86696524,12.45908233,9.979821692,0.801,5000,0,0,1.37,0.501,0.191,365,11.56592991,113.747304,7.179,1,372.8654566,3.117324394,0.362039772,801.5326251,10.72897475,-62.28264856,0.030314521
228,2,43.39518951,11.33544599,11.6386438,0.801,5000,0,0,1.37,0.501,0.191,365,13.60484307,203.8341671,7.179,1,620.9649868,3.015429427,0.572549981,1444.398088,7.405726953,-64.28394072,0.032604246
229,2,18.56011973,11.0320458,15.4864169,0.801,5000,0,0,1.37,0.501,0.191,365,20.37465029,140.871457,7.179,1,558.9347994,2.894935499,0.337075772,710.1877094,9.341313881,-68.62567932,0.037156667
230,2,36.91153216,11.41441861,17.61328375,0.801,5000,0,0,1.37,0.501,0.191,365,12.3780256,159.9970781,7.179,1,1221.010018,2.94682813,0.318474197,1667.875795,13.51808853,-71.4254908,0.261403556
231,2,70.30773841,11.65282245,6.556868828,0.801,5000,0,0,1.37,0.501,0.191,365,22.22617629,146.7615653,4.903599661,1,136.5484089,3.262017524,0.21875,171.1459794,8.5703125,-68.45976576,0.04474072
232,2,70.30773841,11.65282245,6.556868828,0.801,5000,0,0,1.37,0.501,0.191,365,22.22617629,146.7615653,4.903599661,1,136.5484089,3.262017524,0.61875,171.1459794,18.0703125,-211.5188058,0.289616811
233,2,70.30773841,11.65282245,6.556868828,0.801,5000,0,0,1.37,0.501,0.191,365,22.22617629,146.7615653,4.903599661,1,136.5484089,3.262017524,0.81875,171.1459794,3.8203125,-66.12401624,0.07715463
234,2,70.30773841,11.65282245,6.556868828,0.801,5000,0,0,1.37,0.501,0.191,365,22.22617629,146.7615653,4.903599661,1,136.5484089,3.262017524,0.41875,171.1459794,13.3203125,-95.73850694,0.096269154
235,2,70.30773841,11.65282245,6.556868828,0.801,5000,0,0,1.37,0.501,0.191,365,22.22617629,146.7615653,4.903599661,1,136.5484089,3.262017524,0.51875,171.1459794,1.4453125,-107.2732118,0.068772807
236,2,70.30773841,11.65282245,6.556868828,0.801,5000,0,0,1.37,0.501,0.191,365,22.22617629,146.7615653,4.903599661,1,136.5484089,3.262017524,0.91875,171.1459794,10.9453125,-189.780763,0.219671834
237,2,70.30773841,11.65282245,6.556868828,0.801,5000,0,0,1.37,0.501,0.191,365,22.22617629,146.7615653,4.903599661,1,136.5484089,3.262017524,0.71875,171.1459794,6.1953125,-79.5286261,0.095267016
238,2,70.30773841,11.65282245,6.556868828,0.801,5000,0,0,1.37,0.501,0.191,365,22.22617629,146.7615653,4.903599661,1,136.5484089,3.262017524,0.31875,171.1459794,15.6953125,-86.06245379,0.123147236
239,2,70.30773841,11.65282245,6.556868828,0.801,5000,0,0,1.37,0.501,0.191,365,22.22617629,146.7615653,4.903599661,1,136.5484089,3.262017524,0.36875,171.1459794,5.0078125,-68.76279238,0.032084668
240,2,70.30773841,11.65282245,6.556868828,0.801,5000,0,0,1.37,0.501,0.191,365,22.22617629,146.7615653,4.903599661,1,136.5484089,3.262017524,0.76875,171.1459794,14.5078125,-212.0791022,0.43210926
241,2,70.30773841,11.65282245,6.556868828,0.801,5000,0,0,1.37,0.501,0.191,365,22.22617629,146.7615653,4.903599661,1,136.5484089,3.262017524,0.96875,171.1459794,9.7578125,-178.0378308,0.149121581
242,2,70.30773841,11.65282245,6.556868828,0.801,5000,0,0,1.37,0.501,0.191,365,22.22617629,146.7615653,4.903599661,1,136.5484089,3.262017524,0.56875,171.1459794,19.2578125,-206.0449795,0.659369758
243,2,70.30773841,11.65282245,6.556868828,0.801,5000,0,0,1.37,0.501,0.191,365,22.22617629,146.7615653,4.903599661,1,136.5484089,3.262017524,0.46875,171.1459794,7.3828125,-67.79587836,0.057911663
244,2,70.30773841,11.65282245,6.556868828,0.801,5000,0,0,1.37,0.501,0.191,365,22.22617629,146.7615653,4.903599661,1,136.5484089,3.262017524,0.86875,171.1459794,16.8828125,-288.7874924,0.585324718
245,2,70.30773841,11.65282245,6.556868828,0.801,5000,0,0,1.37,0.501,0.191,365,22.22617629,146.7615653,4.903599661,1,136.5484089,3.262017524,0.66875,171.1459794,2.6328125,-69.93045935,0.068630296
246,2,70.30773841,11.65282245,6.556868828,0.801,5000,0,0,1.37,0.501,0.191,365,22.22617629,146.7615653,4.903599661,1,136.5484089,3.262017524,0.26875,171.1459794,12.1328125,-66.12566512,0.047254535
247,2,70.30773841,11.65282245,6.556868828,0.801,5000,0,0,1.37,0.501,0.191,365,22.22617629,146.7615653,4.903599661,1,136.5484089,3.262017524,0.29375,171.1459794,3.2265625,-95.49513806,0.038441313
248,2,70.30773841,11.65282245,6.556868828,0.801,5000,0,0,1.37,0.501,0.191,365,22.22617629,146.7615653,4.903599661,1,136.5484089,3.262017524,0.69375,171.1459794,12.7265625,-161.812239,0.148368975
249,2,70.30773841,11.65282245,6.556868828,0.801,5000,0,0,1.37,0.501,0.191,365,22.22617629,146.7615653,4.903599661,1,136.5484089,3.262017524,0.89375,171.1459794,7.9765625,-127.6565049,0.094508596
250,2,70.30773841,11.65282245,6.556868828,0.801,5000,0,0,1.37,0.501,0.191,365,22.22617629,146.7615653,4.903599661,1,136.5484089,3.262017524,0.49375,171.1459794,17.4765625,-155.1700735,0.192761453
251,2,70.30773841,11.65282245,6.556868828,0.801,5000,0,0,1.37,0.501,0.191,365,22.22617629,146.7615653,4.903599661,1,136.5484089,3.262017524,0.59375,171.1459794,10.3515625,-106.7640676,0.153305377
252,2,70.30773841,11.65282245,6.556868828,0.801,5000,0,0,1.37,0.501,0.191,365,22.22617629,146.7615653,4.903599661,1,136.5484089,3.262017524,0.99375,171.1459794,19.8515625,-392.9767053,1.502704641
253,2,70.30773841,11.65282245,6.556868828,0.801,5000,0,0,1.37,0.501,0.191,365,22.22617629,146.7615653,4.903599661,1,136.5484089,3.262017524,0.79375,171.1459794,5.6015625,-79.78241486,0.147859705
254,2,70.30773841,11.65282245,6.556868828,0.801,5000,0,0,1.37,0.501,0.191,365,22.22617629,146.7615653,4.903599661,1,136.5484089,3.262017524,0.39375,171.1459794,15.1015625,-102.232471,0.07418193
255,2,70.30773841,11.65282245,6.556868828,0.801,5000,0,0,1.37,0.501,0.191,365,22.22617629,146.7615653,4.903599661,1,136.5484089,3.262017524,0.34375,171.1459794,6.7890625,-64.67963821,0.0491281
256,2,70.30773841,11.65282245,6.556868828,0.801,5000,0,0,1.37,0.501,0.191,365,22.22617629,146.7615653,4.903599661,1,136.5484089,3.262017524,0.74375,171.1459794,16.2890625,-231.6626704,0.597086059
257,2,70.30773841,11.65282245,6.556868828,0.801,5000,0,0,1.37,0.501,0.191,365,22.22617629,146.7615653,4.903599661,1,136.5484089,3.262017524,0.94375,171.1459794,2.0390625,-67.68049336,0.040313167
258,2,70.30773841,11.65282245,6.556868828,0.801,5000,0,0,1.37,0.501,0.191,365,22.22617629,146.7615653,4.903599661,1,136.5484089,3.262017524,0.54375,171.1459794,11.5390625,-108.991212,0.158851135
259,2,70.30773841,11.65282245,6.556868828,0.801,5000,0,0,1.37,0.501,0.191,365,22.22617629,146.7615653,4.903599661,1,136.5484089,3.262017524,0.44375,171.1459794,4.4140625,-67.37697617,0.040966946
260,2,70.30773841,11.65282245,6.556868828,0.801,5000,0,0,1.37,0.501,0.191,365,22.22617629,146.7615653,4.903599661,1,136.5484089,3.262017524,0.84375,171.1459794,13.9140625,-224.6489895,0.890838067
261,2,70.30773841,11.65282245,6.556868828,0.801,5000,0,0,1.37,0.501,0.191,365,22.22617629,146.7615653,4.903599661,1,136.5484089,3.262017524,0.64375,171.1459794,9.1640625,-102.4769627,0.148145954
262,2,70.30773841,11.65282245,6.556868828,0.801,5000,0,0,1.37,0.501,0.191,365,22.22617629,146.7615653,4.903599661,1,136.5484089,3.262017524,0.24375,171.1459794,18.6640625,-79.2847152,0.046175833
263,2,70.30773841,11.65282245,6.556868828,0.801,5000,0,0,1.37,0.501,0.191,365,22.22617629,146.7615653,4.903599661,1,136.5484089,3.262017524,0.23125,171.1459794,3.5234375,-103.4067309,0.041285534
264,2,70.30773841,11.65282245,6.556868828,0.801,5000,0,0,1.37,0.501,0.191,365,22.22617629,146.7615653,4.903599661,1,136.5484089,3.262017524,0.63125,171.1459794,13.0234375,-147.7117397,0.451274374
265,2,70.30773841,11.65282245,6.556868828,0.801,5000,0,0,1.37,0.501,0.191,365,22.22617629,146.7615653,4.903599661,1,136.5484089,3.262017524,0.83125,171.1459794,8.2734375,-121.5102348,0.539745587
266,2,70.30773841,11.65282245,6.556868828,0.801,5000,0,0,1.37,0.501,0.191,365,22.22617629,146.7615653,4.903599661,1,136.5484089,3.262017524,0.43125,171.1459794,17.7734375,-134.9905198,0.347713217
267,2,70.30773841,11.65282245,6.556868828,0.801,5000,0,0,1.37,0.501,0.191,365,22.22617629,146.7615653,4.903599661,1,136.5484089,3.262017524,0.53125,171.1459794,5.8984375,-65.70441165,0.031146867
268,2,70.30773841,11.65282245,6.556868828,0.801,5000,0,0,1.37,0.501,0.191,365,22.22617629,146.7615653,4.903599661,1,136.5484089,3.262017524,0.93125,171.1459794,15.3984375,-282.6191313,0.73256867
269,2,70.30773841,11.65282245,6.556868828,0.801,5000,0,0,1.37,0.501,0.191,365,22.22617629,146.7615653,4.903599661,1,136.5484089,3.262017524,0.73125,171.1459794,1.1484375,-100.8673444,0.028013746
270,2,70.30773841,11.65282245,6.556868828,0.801,5000,0,0,1.37,0.501,0.191,365,22.22617629,146.7615653,4.903599661,1,136.5484089,3.262017524,0.33125,171.1459794,10.6484375,-68.11281803,0.048926431
271,2,70.30773841,11.65282245,6.556868828,0.801,5000,0,0,1.37,0.501,0.191,365,22.22617629,146.7615653,4.903599661,1,136.5484089,3.262017524,0.38125,171.1459794,9.4609375,-68.85900447,0.078818372
272,2,70.30773841,11.65282245,6.556868828,0.801,5000,0,0,1.37,0.501,0.191,365,22.22617629,146.7615653,4.903599661,1,136.5484089,3.262017524,0.78125,171.1459794,18.9609375,-289.5305555,1.852001021
273,2,70.30773841,11.65282245,6.556868828,0.801,5000,0,0,1.37,0.501,0.191,365,22.22617629,146.7615653,4.903599661,1,136.5484089,3.262017524,0.98125,171.1459794,4.7109375,-82.87730263,0.041200477
274,2,70.30773841,11.65282245,6.556868828,0.801,5000,0,0,1.37,0.501,0.191,365,22.22617629,146.7615653,4.903599661,1,136.5484089,3.262017524,0.58125,171.1459794,14.2109375,-148.1316715,0.49467398
275,2,70.30773841,11.65282245,6.556868828,0.801,5000,0,0,1.37,0.501,0.191,365,22.22617629,146.7615653,4.903599661,1,136.5484089,3.262017524,0.48125,171.1459794,2.3359375,-86.8560785,0.059789752
276,2,70.30773841,11.65282245,6.556868828,0.801,5000,0,0,1.37,0.501,0.191,365,22.22617629,146.7615653,4.903599661,1,136.5484089,3.262017524,0.88125,171.1459794,11.8359375,-197.5709099,0.499003335
277,2,70.30773841,11.65282245,6.556868828,0.801,5000,0,0,1.37,0.501,0.191,365,22.22617629,146.7615653,4.903599661,1,136.5484089,3.262017524,0.68125,171.1459794,7.0859375,-84.80270866,0.095489137
278,2,70.30773841,11.65282245,6.556868828,0.801,5000,0,0,1.37,0.501,0.191,365,22.22617629,146.7615653,4.903599661,1,136.5484089,3.262017524,0.28125,171.1459794,16.5859375,-81.05624878,0.099156412
279,2,70.30773841,11.65282245,6.556868828,0.801,5000,0,0,1.37,0.501,0.191,365,22.22617629,146.7615653,4.903599661,1,136.5484089,3.262017524,0.25625,171.1459794,7.6796875,-67.37411081,0.054702753
280,2,70.30773841,11.65282245,6.556868828,0.801,5000,0,0,1.37,0.501,0.191,365,22.22617629,146.7615653,4.903599661,1,136.5484089,3.262017524,0.65625,171.1459794,17.1796875,-213.1090652,0.178855786
281,2,70.30773841,11.65282245,6.556868828,0.801,5000,0,0,1.37,0.501,0.191,365,22.22617629,146.7615653,4.903599661,1,136.5484089,3.262017524,0.85625,171.1459794,2.9296875,-64.32535323,0.077306851
282,2,70.30773841,11.65282245,6.556868828,0.801,5000,0,0,1.37,0.501,0.191,365,22.22617629,146.7615653,4.903599661,1,136.5484089,3.262017524,0.45625,171.1459794,12.4296875,-97.47116075,0.067022197
283,2,70.30773841,11.65282245,6.556868828,0.801,5000,0,0,1.37,0.501,0.191,365,22.22617629,146.7615653,4.903599661,1,136.5484089,3.262017524,0.55625,171.1459794,5.3046875,-64.8908032,0.029254759
284,2,70.30773841,11.65282245,6.556868828,0.801,5000,0,0,1.37,0.501,0.191,365,22.22617629,146.7615653,4.903599661,1,136.5484089,3.262017524,0.95625,171.1459794,14.8046875,-278.43244,0.558175268
285,2,70.30773841,11.65282245,6.556868828,0.801,5000,0,0,1.37,0.501,0.191,365,22.22617629,146.7615653,4.903599661,1,136.5484089,3.262017524,0.75625,171.1459794,10.0546875,-136.5716367,0.132337421
286,2,70.30773841,11.65282245,6.556868828,0.801,5000,0,0,1.37,0.501,0.191,365,22.22617629,146.7615653,4.903599661,1,136.5484089,3.262017524,0.35625,171.1459794,19.5546875,-121.0298441,0.095564691
287,2,70.30773841,11.65282245,6.556868828,0.801,5000,0,0,1.37,0.501,0.191,365,22.22617629,146.7615653,4.903599661,1,136.5484089,3.262017524,0.30625,171.1459794,1.7421875,-126.4962858,0.015301597
288,2,70.30773841,11.65282245,6.556868828,0.801,5000,0,0,1.37,0.501,0.191,365,22.22617629,146.7615653,4.903599661,1,136.5484089,3.262017524,0.70625,171.1459794,11.2421875,-142.7280309,0.398687788
289,2,70.30773841,11.65282245,6.556868828,0.801,5000,0,0,1.37,0.501,0.191,365,22.22617629,146.7615653,4.903599661,1,136.5484089,3.262017524,0.90625,171.1459794,6.4921875,-103.7486307,0.135602049
290,2,70.30773841,11.65282245,6.556868828,0.801,5000,0,0,1.37,0.501,0.191,365,22.22617629,146.7615653,4.903599661,1,136.5484089,3.262017524,0.50625,171.1459794,15.9921875,-144.5016728,0.178427229
291,2,70.30773841,11.65282245,6.556868828,0.801,5000,0,0,1.37,0.501,0.191,365,22.22617629,146.7615653,4.903599661,1,136.5484089,3.262017524,0.40625,171.1459794,8.8671875,-68.88878597,0.054274868
292,2,70.30773841,11.65282245,6.556868828,0.801,5000,0,0,1.37,0.501,0.191,365,22.22617629,146.7615653,4.903599661,1,136.5484089,3.262017524,0.80625,171.1459794,18.3671875,-292.2553437,0.591335208
293,2,70.30773841,11.65282245,6.556868828,0.801,5000,0,0,1.37,0.501,0.191,365,22.22617629,146.7615653,4.903599661,1,136.5484089,3.262017524,0.60625,171.1459794,4.1171875,-64.30883995,0.057298774
294,2,70.30773841,11.65282245,6.556868828,0.801,5000,0,0,1.37,0.501,0.191,365,22.22617629,146.7615653,4.903599661,1,136.5484089,3.262017524,0.20625,171.1459794,13.6171875,-64.05411779,0.052102476
295,2,70.30773841,11.65282245,6.556868828,0.801,5000,0,0,1.37,0.501,0.191,365,22.22617629,146.7615653,4.903599661,1,136.5484089,3.262017524,0.209375,171.1459794,7.30859375,-74.70060048,0.069481492
296,2,70.30773841,11.65282245,6.556868828,0.801,5000,0,0,1.37,0.501,0.191,365,22.22617629,146.7615653,4.903599661,1,136.5484089,3.262017524,0.609375,171.1459794,16.80859375,-188.7672659,1.226869169
297,2,70.30773841,11.65282245,6.556868828,0.801,5000,0,0,1.37,0.501,0.191,365,22.22617629,146.7615653,4.903599661,1,136.5484089,3.262017524,0.809375,171.1459794,2.55859375,-66.13655059,0.04432447
298,2,70.30773841,11.65282245,6.556868828,0.801,5000,0,0,1.37,0.501,0.191,365,22.22617629,146.7615653,4.903599661,1,136.5484089,3.262017524,0.409375,171.1459794,12.05859375,-85.5040028,0.095861534
299,2,70.30773841,11.65282245,6.556868828,0.801,5000,0,0,1.37,0.501,0.191,365,22.22617629,146.7615653,4.903599661,1,136.5484089,3.262017524,0.509375,171.1459794,4.93359375,-64.12959707,0.021618128
300,2,70.30773841,11.65282245,6.556868828,0.801,5000,0,0,1.37,0.501,0.191,365,22.22617629,146.7615653,4.903599661,1,136.5484089,3.262017524,0.909375,171.1459794,14.43359375,-255.6183788,1.023029534
301,2,70.30773841,11.65282245,6.556868828,0.801,5000,0,0,1.37,0.501,0.191,365,22.22617629,146.7615653,4.903599661,1,136.5484089,3.262017524,0.709375,171.1459794,9.68359375,-120.8095877,0.212400313
302,2,70.30773841,11.65282245,6.556868828,0.801,5000,0,0,1.37,0.501,0.191,365,22.22617629,146.7615653,4.903599661,1,136.5484089,3.262017524,0.309375,171.1459794,19.18359375,-101.5645187,0.109831264
303,2,70.30773841,11.65282245,6.556868828,0.801,5000,0,0,1.37,0.501,0.191,365,22.22617629,146.7615653,4.903599661,1,136.5484089,3.262017524,0.359375,171.1459794,1.37109375,-130.8362406,0.042644193
304,2,70.30773841,11.65282245,6.556868828,0.801,5000,0,0,1.37,0.501,0.191,365,22.22617629,146.7615653,4.903599661,1,136.5484089,3.262017524,0.759375,171.1459794,10.87109375,-149.27533,0.412483401
305,2,70.30773841,11.65282245,6.556868828,0.801,5000,0,0,1.37,0.501,0.191,365,22.22617629,146.7615653,4.903599661,1,136.5484089,3.262017524,0.959375,171.1459794,6.12109375,-103.5622995,0.121115927
306,2,70.30773841,11.65282245,6.556868828,0.801,5000,0,0,1.37,0.501,0.191,365,22.22617629,146.7615653,4.903599661,1,136.5484089,3.262017524,0.559375,171.1459794,15.62109375,-158.5780287,0.244649149
307,2,70.30773841,11.65282245,6.556868828,0.801,5000,0,0,1.37,0.501,0.191,365,22.22617629,146.7615653,4.903599661,1,136.5484089,3.262017524,0.459375,171.1459794,8.49609375,-72.02467568,0.089042508
308,2,70.30773841,11.65282245,6.556868828,0.801,5000,0,0,1.37,0.501,0.191,365,22.22617629,146.7615653,4.903599661,1,136.5484089,3.262017524,0.859375,171.1459794,17.99609375,-306.3516342,0.311969958
309,2,70.30773841,11.65282245,6.556868828,0.801,5000,0,0,1.37,0.501,0.191,365,22.22617629,146.7615653,4.903599661,1,136.5484089,3.262017524,0.659375,171.1459794,3.74609375,-64.34380756,0.03991005
310,2,70.30773841,11.65282245,6.556868828,0.801,5000,0,0,1.37,0.501,0.191,365,22.22617629,146.7615653,4.903599661,1,136.5484089,3.262017524,0.259375,171.1459794,13.24609375,-67.29668055,0.050375435
311,2,70.30773841,11.65282245,6.556868828,0.801,5000,0,0,1.37,0.501,0.191,365,22.22617629,146.7615653,4.903599661,1,136.5484089,3.262017524,0.284375,171.1459794,4.33984375,-83.0234202,0.067371918
312,2,70.30773841,11.65282245,6.556868828,0.801,5000,0,0,1.37,0.501,0.191,365,22.22617629,146.7615653,4.903599661,1,136.5484089,3.262017524,0.684375,171.1459794,13.83984375,-174.763931,0.444244432
313,2,70.30773841,11.65282245,6.556868828,0.801,5000,0,0,1.37,0.501,0.191,365,22.22617629,146.7615653,4.903599661,1,136.5484089,3.262017524,0.884375,171.1459794,9.08984375,-146.2394616,0.170642101
314,2,70.30773841,11.65282245,6.556868828,0.801,5000,0,0,1.37,0.501,0.191,365,22.22617629,146.7615653,4.903599661,1,136.5484089,3.262017524,0.484375,171.1459794,18.58984375,-163.3703615,0.351019854
315,2,70.30773841,11.65282245,6.556868828,0.801,5000,0,0,1.37,0.501,0.191,365,22.22617629,146.7615653,4.903599661,1,136.5484089,3.262017524,0.584375,171.1459794,6.71484375,-72.59235392,0.043937767
316,2,70.30773841,11.65282245,6.556868828,0.801,5000,0,0,1.37,0.501,0.191,365,22.22617629,146.7615653,4.903599661,1,136.5484089,3.262017524,0.984375,171.1459794,16.21484375,-316.657253,0.857858422
317,2,70.30773841,11.65282245,6.556868828,0.801,5000,0,0,1.37,0.501,0.191,365,22.22617629,146.7615653,4.903599661,1,136.5484089,3.262017524,0.784375,171.1459794,1.96484375,-73.85976998,0.068436836
318,2,70.30773841,11.65282245,6.556868828,0.801,5000,0,0,1.37,0.501,0.191,365,22.22617629,146.7615653,4.903599661,1,136.5484089,3.262017524,0.384375,171.1459794,11.46484375,-77.79446316,0.073643193
319,2,70.30773841,11.65282245,6.556868828,0.801,5000,0,0,1.37,0.501,0.191,365,22.22617629,146.7615653,4.903599661,1,136.5484089,3.262017524,0.334375,171.1459794,10.27734375,-67.42994966,0.048518634
320,2,70.30773841,11.65282245,6.556868828,0.801,5000,0,0,1.37,0.501,0.191,365,22.22617629,146.7615653,4.903599661,1,136.5484089,3.262017524,0.734375,171.1459794,19.77734375,-283.1079916,0.756559874
321,2,70.30773841,11.65282245,6.556868828,0.801,5000,0,0,1.37,0.501,0.191,365,22.22617629,146.7615653,4.903599661,1,136.5484089,3.262017524,0.934375,171.1459794,5.52734375,-91.48218232,0.075247611
322,2,70.30773841,11.65282245,6.556868828,0.801,5000,0,0,1.37,0.501,0.191,365,22.22617629,146.7615653,4.903599661,1,136.5484089,3.262017524,0.534375,171.1459794,15.02734375,-142.8662488,0.16650921
323,2,70.30773841,11.65282245,6.556868828,0.801,5000,0,0,1.37,0.501,0.191,365,22.22617629,146.7615653,4.903599661,1,136.5484089,3.262017524,0.434375,171.1459794,3.15234375,-78.58929694,0.058895364
324,2,70.30773841,11.65282245,6.556868828,0.801,5000,0,0,1.37,0.501,0.191,365,22.22617629,146.7615653,4.903599661,1,136.5484089,3.262017524,0.834375,171.1459794,12.65234375,-199.6199328,0.587909261
325,2,70.30773841,11.65282245,6.556868828,0.801,5000,0,0,1.37,0.501,0.191,365,22.22617629,146.7615653,4.903599661,1,136.5484089,3.262017524,0.634375,171.1459794,7.90234375,-87.66851241,0.062404916
326,2,70.30773841,11.65282245,6.556868828,0.801,5000,0,0,1.37,0.501,0.191,365,22.22617629,146.7615653,4.903599661,1,136.5484089,3.262017524,0.234375,171.1459794,17.40234375,-73.35835157,0.11508897
327,2,70.30773841,11.65282245,6.556868828,0.801,5000,0,0,1.37,0.501,0.191,365,22.22617629,146.7615653,4.903599661,1,136.5484089,3.262017524,0.246875,171.1459794,2.26171875,-124.1305618,0.03700311
328,2,70.30773841,11.65282245,6.556868828,0.801,5000,0,0,1.37,0.501,0.191,365,22.22617629,146.7615653,4.903599661,1,136.5484089,3.262017524,0.646875,171.1459794,11.76171875,-134.9488186,0.658290989
329,2,70.30773841,11.65282245,6.556868828,0.801,5000,0,0,1.37,0.501,0.191,365,22.22617629,146.7615653,4.903599661,1,136.5484089,3.262017524,0.846875,171.1459794,7.01171875,-104.3052134,0.097699417
330,2,70.30773841,11.65282245,6.556868828,0.801,5000,0,0,1.37,0.501,0.191,365,22.22617629,146.7615653,4.903599661,1,136.5484089,3.262017524,0.446875,171.1459794,16.51171875,-129.2836015,0.189800824
331,2,51.73000547,12.88067942,15.51396934,0.801,5000,0,0,1.37,0.501,0.191,365,32.74618119,70.25272074,8.142494553,1,262.9244271,3.282399948,0.21875,81.20734266,8.5703125,-65.67531512,0.02324045
332,2,51.73000547,12.88067942,15.51396934,0.801,5000,0,0,1.37,0.501,0.191,365,32.74618119,70.25272074,8.142494553,1,262.9244271,3.282399948,0.61875,81.20734266,18.0703125,-241.2710241,0.144334262
333,2,51.73000547,12.88067942,15.51396934,0.801,5000,0,0,1.37,0.501,0.191,365,32.74618119,70.25272074,8.142494553,1,262.9244271,3.282399948,0.81875,81.20734266,3.8203125,-74.35158625,0.02607728
334,2,51.73000547,12.88067942,15.51396934,0.801,5000,0,0,1.37,0.501,0.191,365,32.74618119,70.25272074,8.142494553,1,262.9244271,3.282399948,0.41875,81.20734266,13.3203125,-115.3379158,0.049918556
335,2,51.73000547,12.88067942,15.51396934,0.801,5000,0,0,1.37,0.501,0.191,365,32.74618119,70.25272074,8.142494553,1,262.9244271,3.282399948,0.51875,81.20734266,1.4453125,-89.27651172,0.012478234
336,2,51.73000547,12.88067942,15.51396934,0.801,5000,0,0,1.37,0.501,0.191,365,32.74618119,70.25272074,8.142494553,1,262.9244271,3.282399948,0.91875,81.20734266,10.9453125,-220.6434522,0.081684461
337,2,51.73000547,12.88067942,15.51396934,0.801,5000,0,0,1.37,0.501,0.191,365,32.74618119,70.25272074,8.142494553,1,262.9244271,3.282399948,0.71875,81.20734266,6.1953125,-95.21051398,0.040580391
338,2,51.73000547,12.88067942,15.51396934,0.801,5000,0,0,1.37,0.501,0.191,365,32.74618119,70.25272074,8.142494553,1,262.9244271,3.282399948,0.31875,81.20734266,15.6953125,-103.0558993,0.104025927
339,2,51.73000547,12.88067942,15.51396934,0.801,5000,0,0,1.37,0.501,0.191,365,32.74618119,70.25272074,8.142494553,1,262.9244271,3.282399948,0.36875,81.20734266,5.0078125,-65.83376246,0.021225408
340,2,51.73000547,12.88067942,15.51396934,0.801,5000,0,0,1.37,0.501,0.191,365,32.74618119,70.25272074,8.142494553,1,262.9244271,3.282399948,0.76875,81.20734266,14.5078125,-242.5983106,0.045081557
341,2,51.73000547,12.88067942,15.51396934,0.801,5000,0,0,1.37,0.501,0.191,365,32.74618119,70.25272074,8.142494553,1,262.9244271,3.282399948,0.96875,81.20734266,9.7578125,-207.7782656,0.091000031
342,2,51.73000547,12.88067942,15.51396934,0.801,5000,0,0,1.37,0.501,0.191,365,32.74618119,70.25272074,8.142494553,1,262.9244271,3.282399948,0.56875,81.20734266,19.2578125,-235.7326219,0.256962251
343,2,51.73000547,12.88067942,15.51396934,0.801,5000,0,0,1.37,0.501,0.191,365,32.74618119,70.25272074,8.142494553,1,262.9244271,3.282399948,0.46875,81.20734266,7.3828125,-77.28511726,0.043875084
344,2,51.73000547,12.88067942,15.51396934,0.801,5000,0,0,1.37,0.501,0.191,365,32.74618119,70.25272074,8.142494553,1,262.9244271,3.282399948,0.86875,81.20734266,16.8828125,-315.625695,0.68671166
345,2,51.73000547,12.88067942,15.51396934,0.801,5000,0,0,1.37,0.501,0.191,365,32.74618119,70.25272074,8.142494553,1,262.9244271,3.282399948,0.66875,81.20734266,2.6328125,-66.41212312,0.015877003
346,2,51.73000547,12.88067942,15.51396934,0.801,5000,0,0,1.37,0.501,0.191,365,32.74618119,70.25272074,8.142494553,1,262.9244271,3.282399948,0.26875,81.20734266,12.1328125,-73.81064572,0.055480666
347,2,51.73000547,12.88067942,15.51396934,0.801,5000,0,0,1.37,0.501,0.191,365,32.74618119,70.25272074,8.142494553,1,262.9244271,3.282399948,0.29375,81.20734266,3.2265625,-81.16447945,0.01492995
348,2,51.73000547,12.88067942,15.51396934,0.801,5000,0,0,1.37,0.501,0.191,365,32.74618119,70.25272074,8.142494553,1,262.9244271,3.282399948,0.69375,81.20734266,12.7265625,-190.0250161,0.052216705
349,2,51.73000547,12.88067942,15.51396934,0.801,5000,0,0,1.37,0.501,0.191,365,32.74618119,70.25272074,8.142494553,1,262.9244271,3.282399948,0.89375,81.20734266,7.9765625,-153.8450313,0.067652046
350,2,51.73000547,12.88067942,15.51396934,0.801,5000,0,0,1.37,0.501,0.191,365,32.74618119,70.25272074,8.142494553,1,262.9244271,3.282399948,0.49375,81.20734266,17.4765625,-183.2678091,0.159843602
351,2,51.73000547,12.88067942,15.51396934,0.801,5000,0,0,1.37,0.501,0.191,365,32.74618119,70.25272074,8.142494553,1,262.9244271,3.282399948,0.59375,81.20734266,10.3515625,-128.8376297,0.110334452
352,2,51.73000547,12.88067942,15.51396934,0.801,5000,0,0,1.37,0.501,0.191,365,32.74618119,70.25272074,8.142494553,1,262.9244271,3.282399948,0.99375,81.20734266,19.8515625,-407.8565214,0.463621283
353,2,51.73000547,12.88067942,15.51396934,0.801,5000,0,0,1.37,0.501,0.191,365,32.74618119,70.25272074,8.142494553,1,262.9244271,3.282399948,0.79375,81.20734266,5.6015625,-95.53508016,0.053104852
354,2,51.73000547,12.88067942,15.51396934,0.801,5000,0,0,1.37,0.501,0.191,365,32.74618119,70.25272074,8.142494553,1,262.9244271,3.282399948,0.39375,81.20734266,15.1015625,-122.9299547,0.045822514
355,2,51.73000547,12.88067942,15.51396934,0.801,5000,0,0,1.37,0.501,0.191,365,32.74618119,70.25272074,8.142494553,1,262.9244271,3.282399948,0.34375,81.20734266,6.7890625,-66.0318597,0.044014742
356,2,51.73000547,12.88067942,15.51396934,0.801,5000,0,0,1.37,0.501,0.191,365,32.74618119,70.25272074,8.142494553,1,262.9244271,3.282399948,0.74375,81.20734266,16.2890625,-262.9815409,0.139086193
357,2,51.73000547,12.88067942,15.51396934,0.801,5000,0,0,1.37,0.501,0.191,365,32.74618119,70.25272074,8.142494553,1,262.9244271,3.282399948,0.94375,81.20734266,2.0390625,-66.24611076,0.021649652
358,2,51.73000547,12.88067942,15.51396934,0.801,5000,0,0,1.37,0.501,0.191,365,32.74618119,70.25272074,8.142494553,1,262.9244271,3.282399948,0.54375,81.20734266,11.5390625,-131.3121291,0.050788458
359,2,51.73000547,12.88067942,15.51396934,0.801,5000,0,0,1.37,0.501,0.191,365,32.74618119,70.25272074,8.142494553,1,262.9244271,3.282399948,0.44375,81.20734266,4.4140625,-65.63059784,0.033386839
360,2,51.73000547,12.88067942,15.51396934,0.801,5000,0,0,1.37,0.501,0.191,365,32.74618119,70.25272074,8.142494553,1,262.9244271,3.282399948,0.84375,81.20734266,13.9140625,-256.1576495,0.117682062
361,2,51.73000547,12.88067942,15.51396934,0.801,5000,0,0,1.37,0.501,0.191,365,32.74618119,70.25272074,8.142494553,1,262.9244271,3.282399948,0.64375,81.20734266,9.1640625,-124.0289816,0.033983896
362,2,51.73000547,12.88067942,15.51396934,0.801,5000,0,0,1.37,0.501,0.191,365,32.74618119,70.25272074,8.142494553,1,262.9244271,3.282399948,0.24375,81.20734266,18.6640625,-93.96952383,0.063560452
363,2,51.73000547,12.88067942,15.51396934,0.801,5000,0,0,1.37,0.501,0.191,365,32.74618119,70.25272074,8.142494553,1,262.9244271,3.282399948,0.23125,81.20734266,3.5234375,-86.61598181,0.010185496
364,2,51.73000547,12.88067942,15.51396934,0.801,5000,0,0,1.37,0.501,0.191,365,32.74618119,70.25272074,8.142494553,1,262.9244271,3.282399948,0.63125,81.20734266,13.0234375,-175.5487367,0.139556695
365,2,51.73000547,12.88067942,15.51396934,0.801,5000,0,0,1.37,0.501,0.191,365,32.74618119,70.25272074,8.142494553,1,262.9244271,3.282399948,0.83125,81.20734266,8.2734375,-147.6523482,0.062007352
366,2,51.73000547,12.88067942,15.51396934,0.801,5000,0,0,1.37,0.501,0.191,365,32.74618119,70.25272074,8.142494553,1,262.9244271,3.282399948,0.43125,81.20734266,17.7734375,-160.9516428,0.151358586
367,2,51.73000547,12.88067942,15.51396934,0.801,5000,0,0,1.37,0.501,0.191,365,32.74618119,70.25272074,8.142494553,1,262.9244271,3.282399948,0.53125,81.20734266,5.8984375,-73.23049729,0.031627428
368,2,51.73000547,12.88067942,15.51396934,0.801,5000,0,0,1.37,0.501,0.191,365,32.74618119,70.25272074,8.142494553,1,262.9244271,3.282399948,0.93125,81.20734266,15.3984375,-310.8579336,0.174453433
369,2,51.73000547,12.88067942,15.51396934,0.801,5000,0,0,1.37,0.501,0.191,365,32.74618119,70.25272074,8.142494553,1,262.9244271,3.282399948,0.73125,81.20734266,1.1484375,-84.74516537,0.011080618
370,2,51.73000547,12.88067942,15.51396934,0.801,5000,0,0,1.37,0.501,0.191,365,32.74618119,70.25272074,8.142494553,1,262.9244271,3.282399948,0.33125,81.20734266,10.6484375,-77.68690875,0.040854207
371,2,51.73000547,12.88067942,15.51396934,0.801,5000,0,0,1.37,0.501,0.191,365,32.74618119,70.25272074,8.142494553,1,262.9244271,3.282399948,0.38125,81.20734266,9.4609375,-79.03986445,0.047147715
372,2,51.73000547,12.88067942,15.51396934,0.801,5000,0,0,1.37,0.501,0.191,365,32.74618119,70.25272074,8.142494553,1,262.9244271,3.282399948,0.78125,81.20734266,18.9609375,-317.4967433,0.292232374
373,2,51.73000547,12.88067942,15.51396934,0.801,5000,0,0,1.37,0.501,0.191,365,32.74618119,70.25272074,8.142494553,1,262.9244271,3.282399948,0.98125,81.20734266,4.7109375,-100.3077861,0.089065924
374,2,51.73000547,12.88067942,15.51396934,0.801,5000,0,0,1.37,0.501,0.191,365,32.74618119,70.25272074,8.142494553,1,262.9244271,3.282399948,0.58125,81.20734266,14.2109375,-176.0437906,0.073698185
375,2,51.73000547,12.88067942,15.51396934,0.801,5000,0,0,1.37,0.501,0.191,365,32.74618119,70.25272074,8.142494553,1,262.9244271,3.282399948,0.48125,81.20734266,2.3359375,-75.46091576,0.019997046
376,2,51.73000547,12.88067942,15.51396934,0.801,5000,0,0,1.37,0.501,0.191,365,32.74618119,70.25272074,8.142494553,1,262.9244271,3.282399948,0.88125,81.20734266,11.8359375,-228.4774945,0.102186068
377,2,51.73000547,12.88067942,15.51396934,0.801,5000,0,0,1.37,0.501,0.191,365,32.74618119,70.25272074,8.142494553,1,262.9244271,3.282399948,0.68125,81.20734266,7.0859375,-102.1928328,0.022420817
378,2,51.73000547,12.88067942,15.51396934,0.801,5000,0,0,1.37,0.501,0.191,365,32.74618119,70.25272074,8.142494553,1,262.9244271,3.282399948,0.28125,81.20734266,16.5859375,-96.36508171,0.015391533
379,2,51.73000547,12.88067942,15.51396934,0.801,5000,0,0,1.37,0.501,0.191,365,32.74618119,70.25272074,8.142494553,1,262.9244271,3.282399948,0.25625,81.20734266,7.6796875,-65.49230301,0.015260348
380,2,51.73000547,12.88067942,15.51396934,0.801,5000,0,0,1.37,0.501,0.191,365,32.74618119,70.25272074,8.142494553,1,262.9244271,3.282399948,0.65625,81.20734266,17.1796875,-243.823518,0.101508828
381,2,51.73000547,12.88067942,15.51396934,0.801,5000,0,0,1.37,0.501,0.191,365,32.74618119,70.25272074,8.142494553,1,262.9244271,3.282399948,0.85625,81.20734266,2.9296875,-68.06210599,0.020469597
382,2,51.73000547,12.88067942,15.51396934,0.801,5000,0,0,1.37,0.501,0.191,365,32.74618119,70.25272074,8.142494553,1,262.9244271,3.282399948,0.45625,81.20734266,12.4296875,-117.6415744,0.087785333
383,2,51.73000547,12.88067942,15.51396934,0.801,5000,0,0,1.37,0.501,0.191,365,32.74618119,70.25272074,8.142494553,1,262.9244271,3.282399948,0.55625,81.20734266,5.3046875,-71.25942596,0.028863995
384,2,51.73000547,12.88067942,15.51396934,0.801,5000,0,0,1.37,0.501,0.191,365,32.74618119,70.25272074,8.142494553,1,262.9244271,3.282399948,0.95625,81.20734266,14.8046875,-307.5620907,0.267766066
385,2,51.73000547,12.88067942,15.51396934,0.801,5000,0,0,1.37,0.501,0.191,365,32.74618119,70.25272074,8.142494553,1,262.9244271,3.282399948,0.75625,81.20734266,10.0546875,-163.2239256,0.201633285
386,2,51.73000547,12.88067942,15.51396934,0.801,5000,0,0,1.37,0.501,0.191,365,32.74618119,70.25272074,8.142494553,1,262.9244271,3.282399948,0.35625,81.20734266,19.5546875,-144.6820343,0.148103624
387,2,51.73000547,12.88067942,15.51396934,0.801,5000,0,0,1.37,0.501,0.191,365,32.74618119,70.25272074,8.142494553,1,262.9244271,3.282399948,0.30625,81.20734266,1.7421875,-103.2743376,0.015081935
388,2,51.73000547,12.88067942,15.51396934,0.801,5000,0,0,1.37,0.501,0.191,365,32.74618119,70.25272074,8.142494553,1,262.9244271,3.282399948,0.70625,81.20734266,11.2421875,-170.006429,0.180393574
389,2,51.73000547,12.88067942,15.51396934,0.801,5000,0,0,1.37,0.501,0.191,365,32.74618119,70.25272074,8.142494553,1,262.9244271,3.282399948,0.90625,81.20734266,6.4921875,-126.0784469,0.06932325
390,2,51.73000547,12.88067942,15.51396934,0.801,5000,0,0,1.37,0.501,0.191,365,32.74618119,70.25272074,8.142494553,1,262.9244271,3.282399948,0.50625,81.20734266,15.9921875,-171.3729455,0.124824063
391,2,51.73000547,12.88067942,15.51396934,0.801,5000,0,0,1.37,0.501,0.191,365,32.74618119,70.25272074,8.142494553,1,262.9244271,3.282399948,0.40625,81.20734266,8.8671875,-79.0659986,0.035681294
392,2,51.73000547,12.88067942,15.51396934,0.801,5000,0,0,1.37,0.501,0.191,365,32.74618119,70.25272074,8.142494553,1,262.9244271,3.282399948,0.80625,81.20734266,18.3671875,-317.5462497,0.198026189
393,2,51.73000547,12.88067942,15.51396934,0.801,5000,0,0,1.37,0.501,0.191,365,32.74618119,70.25272074,8.142494553,1,262.9244271,3.282399948,0.60625,81.20734266,4.1171875,-67.40187376,0.02375923
394,2,51.73000547,12.88067942,15.51396934,0.801,5000,0,0,1.37,0.501,0.191,365,32.74618119,70.25272074,8.142494553,1,262.9244271,3.282399948,0.20625,81.20734266,13.6171875,-68.86591493,0.032222836
395,2,51.73000547,12.88067942,15.51396934,0.801,5000,0,0,1.37,0.501,0.191,365,32.74618119,70.25272074,8.142494553,1,262.9244271,3.282399948,0.209375,81.20734266,7.30859375,-68.30154975,0.032699281
396,2,51.73000547,12.88067942,15.51396934,0.801,5000,0,0,1.37,0.501,0.191,365,32.74618119,70.25272074,8.142494553,1,262.9244271,3.282399948,0.609375,81.20734266,16.80859375,-220.7490472,0.121558976
397,2,51.73000547,12.88067942,15.51396934,0.801,5000,0,0,1.37,0.501,0.191,365,32.74618119,70.25272074,8.142494553,1,262.9244271,3.282399948,0.809375,81.20734266,2.55859375,-66.04683025,0.023084841
398,2,51.73000547,12.88067942,15.51396934,0.801,5000,0,0,1.37,0.501,0.191,365,32.74618119,70.25272074,8.142494553,1,262.9244271,3.282399948,0.409375,81.20734266,12.05859375,-102.3343168,0.02684697
399,2,51.73000547,12.88067942,15.51396934,0.801,5000,0,0,1.37,0.501,0.191,365,32.74618119,70.25272074,8.142494553,1,262.9244271,3.282399948,0.509375,81.20734266,4.93359375,-67.254178,0.03887013
400,2,51.73000547,12.88067942,15.51396934,0.801,5000,0,0,1.37,0.501,0.191,365,32.74618119,70.25272074,8.142494553,1,262.9244271,3.282399948,0.909375,81.20734266,14.43359375,-286.0958341,0.222868458
401,2,51.73000547,12.88067942,15.51396934,0.801,5000,0,0,1.37,0.501,0.191,365,32.74618119,70.25272074,8.142494553,1,262.9244271,3.282399948,0.709375,81.20734266,9.68359375,-145.9542679,0.097915719
402,2,51.73000547,12.88067942,15.51396934,0.801,5000,0,0,1.37,0.501,0.191,365,32.74618119,70.25272074,8.142494553,1,262.9244271,3.282399948,0.309375,81.20734266,19.18359375,-121.8869473,0.100297589
403,2,51.73000547,12.88067942,15.51396934,0.801,5000,0,0,1.37,0.501,0.191,365,32.74618119,70.25272074,8.142494553,1,262.9244271,3.282399948,0.359375,81.20734266,1.37109375,-106.4357172,0.040691347
404,2,51.73000547,12.88067942,15.51396934,0.801,5000,0,0,1.37,0.501,0.191,365,32.74618119,70.25272074,8.142494553,1,262.9244271,3.282399948,0.759375,81.20734266,10.87109375,-177.8555157,0.198588468
405,2,51.73000547,12.88067942,15.51396934,0.801,5000,0,0,1.37,0.501,0.191,365,32.74618119,70.25272074,8.142494553,1,262.9244271,3.282399948,0.959375,81.20734266,6.12109375,-126.4175254,0.144050992
406,2,51.73000547,12.88067942,15.51396934,0.801,5000,0,0,1.37,0.501,0.191,365,32.74618119,70.25272074,8.142494553,1,262.9244271,3.282399948,0.559375,81.20734266,15.62109375,-186.3990928,0.116787651
407,2,51.73000547,12.88067942,15.51396934,0.801,5000,0,0,1.37,0.501,0.191,365,32.74618119,70.25272074,8.142494553,1,262.9244271,3.282399948,0.459375,81.20734266,8.49609375,-84.08659482,0.034005463
408,2,51.73000547,12.88067942,15.51396934,0.801,5000,0,0,1.37,0.501,0.191,365,32.74618119,70.25272074,8.142494553,1,262.9244271,3.282399948,0.859375,81.20734266,17.99609375,-331.1180342,0.52178782
409,2,51.73000547,12.88067942,15.51396934,0.801,5000,0,0,1.37,0.501,0.191,365,32.74618119,70.25272074,8.142494553,1,262.9244271,3.282399948,0.659375,81.20734266,3.74609375,-67.3322419,0.044682346
410,2,51.73000547,12.88067942,15.51396934,0.801,5000,0,0,1.37,0.501,0.191,365,32.74618119,70.25272074,8.142494553,1,262.9244271,3.282399948,0.259375,81.20734266,13.24609375,-76.04544029,0.042976632
411,2,51.73000547,12.88067942,15.51396934,0.801,5000,0,0,1.37,0.501,0.191,365,32.74618119,70.25272074,8.142494553,1,262.9244271,3.282399948,0.284375,81.20734266,4.33984375,-73.04262962,0.019504711
412,2,51.73000547,12.88067942,15.51396934,0.801,5000,0,0,1.37,0.501,0.191,365,32.74618119,70.25272074,8.142494553,1,262.9244271,3.282399948,0.684375,81.20734266,13.83984375,-204.3616638,0.102992771
413,2,51.73000547,12.88067942,15.51396934,0.801,5000,0,0,1.37,0.501,0.191,365,32.74618119,70.25272074,8.142494553,1,262.9244271,3.282399948,0.884375,81.20734266,9.08984375,-174.4338141,0.150584021
414,2,51.73000547,12.88067942,15.51396934,0.801,5000,0,0,1.37,0.501,0.191,365,32.74618119,70.25272074,8.142494553,1,262.9244271,3.282399948,0.484375,81.20734266,18.58984375,-191.4676071,0.125726393
415,2,51.73000547,12.88067942,15.51396934,0.801,5000,0,0,1.37,0.501,0.191,365,32.74618119,70.25272074,8.142494553,1,262.9244271,3.282399948,0.584375,81.20734266,6.71484375,-85.03300813,0.051908148
416,2,51.73000547,12.88067942,15.51396934,0.801,5000,0,0,1.37,0.501,0.191,365,32.74618119,70.25272074,8.142494553,1,262.9244271,3.282399948,0.984375,81.20734266,16.21484375,-342.5496511,0.199366093
417,2,51.73000547,12.88067942,15.51396934,0.801,5000,0,0,1.37,0.501,0.191,365,32.74618119,70.25272074,8.142494553,1,262.9244271,3.282399948,0.784375,81.20734266,1.96484375,-68.09259723,0.024330339
418,2,51.73000547,12.88067942,15.51396934,0.801,5000,0,0,1.37,0.501,0.191,365,32.74618119,70.25272074,8.142494553,1,262.9244271,3.282399948,0.384375,81.20734266,11.46484375,-92.20508149,0.048058184
419,2,51.73000547,12.88067942,15.51396934,0.801,5000,0,0,1.37,0.501,0.191,365,32.74618119,70.25272074,8.142494553,1,262.9244271,3.282399948,0.334375,81.20734266,10.27734375,-76.43733368,0.034127916
420,2,51.73000547,12.88067942,15.51396934,0.801,5000,0,0,1.37,0.501,0.191,365,32.74618119,70.25272074,8.142494553,1,262.9244271,3.282399948,0.734375,81.20734266,19.77734375,-311.8578381,0.150760199
421,2,51.73000547,12.88067942,15.51396934,0.801,5000,0,0,1.37,0.501,0.191,365,32.74618119,70.25272074,8.142494553,1,262.9244271,3.282399948,0.934375,81.20734266,5.52734375,-110.9536965,0.062218105
422,2,51.73000547,12.88067942,15.51396934,0.801,5000,0,0,1.37,0.501,0.191,365,32.74618119,70.25272074,8.142494553,1,262.9244271,3.282399948,0.534375,81.20734266,15.02734375,-170.2111399,0.078220563
423,2,51.73000547,12.88067942,15.51396934,0.801,5000,0,0,1.37,0.501,0.191,365,32.74618119,70.25272074,8.142494553,1,262.9244271,3.282399948,0.434375,81.20734266,3.15234375,-70.41849056,0.016579638
424,2,51.73000547,12.88067942,15.51396934,0.801,5000,0,0,1.37,0.501,0.191,365,32.74618119,70.25272074,8.142494553,1,262.9244271,3.282399948,0.834375,81.20734266,12.65234375,-230.5845936,0.119502182
425,2,51.73000547,12.88067942,15.51396934,0.801,5000,0,0,1.37,0.501,0.191,365,32.74618119,70.25272074,8.142494553,1,262.9244271,3.282399948,0.634375,81.20734266,7.90234375,-105.4786672,0.051126475
426,2,51.73000547,12.88067942,15.51396934,0.801,5000,0,0,1.37,0.501,0.191,365,32.74618119,70.25272074,8.142494553,1,262.9244271,3.282399948,0.234375,81.20734266,17.40234375,-85.72248314,0.029418922
427,2,51.73000547,12.88067942,15.51396934,0.801,5000,0,0,1.37,0.501,0.191,365,32.74618119,70.25272074,8.142494553,1,262.9244271,3.282399948,0.246875,81.20734266,2.26171875,-101.4849005,0.027635082
428,2,51.73000547,12.88067942,15.51396934,0.801,5000,0,0,1.37,0.501,0.191,365,32.74618119,70.25272074,8.142494553,1,262.9244271,3.282399948,0.646875,81.20734266,11.76171875,-161.9986306,0.182887458
429,2,51.73000547,12.88067942,15.51396934,0.801,5000,0,0,1.37,0.501,0.191,365,32.74618119,70.25272074,8.142494553,1,262.9244271,3.282399948,0.846875,81.20734266,7.01171875,-126.7911642,0.063789231
430,2,51.73000547,12.88067942,15.51396934,0.801,5000,0,0,1.37,0.501,0.191,365,32.74618119,70.25272074,8.142494553,1,262.9244271,3.282399948,0.446875,81.20734266,16.51171875,-154.5491662,0.074819304
